-- phpMyAdmin SQL Dump
-- version 5.1.0
-- https://www.phpmyadmin.net/
--
-- Host: 127.0.0.1
-- Generation Time: Apr 12, 2021 at 12:30 PM
-- Server version: 10.4.18-MariaDB
-- PHP Version: 8.0.3

SET SQL_MODE = "NO_AUTO_VALUE_ON_ZERO";
START TRANSACTION;
SET time_zone = "+00:00";


/*!40101 SET @OLD_CHARACTER_SET_CLIENT=@@CHARACTER_SET_CLIENT */;
/*!40101 SET @OLD_CHARACTER_SET_RESULTS=@@CHARACTER_SET_RESULTS */;
/*!40101 SET @OLD_COLLATION_CONNECTION=@@COLLATION_CONNECTION */;
/*!40101 SET NAMES utf8mb4 */;

--
-- Database: `eapi`
--

-- --------------------------------------------------------

--
-- Table structure for table `failed_jobs`
--

CREATE TABLE `failed_jobs` (
  `id` bigint(20) UNSIGNED NOT NULL,
  `uuid` varchar(255) COLLATE utf8mb4_unicode_ci NOT NULL,
  `connection` text COLLATE utf8mb4_unicode_ci NOT NULL,
  `queue` text COLLATE utf8mb4_unicode_ci NOT NULL,
  `payload` longtext COLLATE utf8mb4_unicode_ci NOT NULL,
  `exception` longtext COLLATE utf8mb4_unicode_ci NOT NULL,
  `failed_at` timestamp NOT NULL DEFAULT current_timestamp()
) ENGINE=InnoDB DEFAULT CHARSET=utf8mb4 COLLATE=utf8mb4_unicode_ci;

-- --------------------------------------------------------

--
-- Table structure for table `migrations`
--

CREATE TABLE `migrations` (
  `id` int(10) UNSIGNED NOT NULL,
  `migration` varchar(255) COLLATE utf8mb4_unicode_ci NOT NULL,
  `batch` int(11) NOT NULL
) ENGINE=InnoDB DEFAULT CHARSET=utf8mb4 COLLATE=utf8mb4_unicode_ci;

--
-- Dumping data for table `migrations`
--

INSERT INTO `migrations` (`id`, `migration`, `batch`) VALUES
(1, '2014_10_12_000000_create_users_table', 1),
(2, '2014_10_12_100000_create_password_resets_table', 1),
(3, '2019_08_19_000000_create_failed_jobs_table', 1),
(4, '2021_04_11_210022_create_products_table', 1),
(5, '2021_04_11_210107_create_reviews_table', 1);

-- --------------------------------------------------------

--
-- Table structure for table `password_resets`
--

CREATE TABLE `password_resets` (
  `email` varchar(255) COLLATE utf8mb4_unicode_ci NOT NULL,
  `token` varchar(255) COLLATE utf8mb4_unicode_ci NOT NULL,
  `created_at` timestamp NULL DEFAULT NULL
) ENGINE=InnoDB DEFAULT CHARSET=utf8mb4 COLLATE=utf8mb4_unicode_ci;

-- --------------------------------------------------------

--
-- Table structure for table `products`
--

CREATE TABLE `products` (
  `id` bigint(20) UNSIGNED NOT NULL,
  `name` varchar(255) COLLATE utf8mb4_unicode_ci NOT NULL,
  `detail` text COLLATE utf8mb4_unicode_ci NOT NULL,
  `price` int(11) NOT NULL,
  `stock` int(11) NOT NULL,
  `discount` int(11) NOT NULL,
  `created_at` timestamp NULL DEFAULT NULL,
  `updated_at` timestamp NULL DEFAULT NULL
) ENGINE=InnoDB DEFAULT CHARSET=utf8mb4 COLLATE=utf8mb4_unicode_ci;

--
-- Dumping data for table `products`
--

INSERT INTO `products` (`id`, `name`, `detail`, `price`, `stock`, `discount`, `created_at`, `updated_at`) VALUES
(1, 'quia', 'Qui cum dolor culpa eos. Esse omnis amet rem qui occaecati. Dolores fuga ut consequatur quibusdam. Eius quo consequatur dolor et alias autem molestiae.', 268, 0, 20, '2021-04-12 07:23:48', '2021-04-12 07:23:48'),
(2, 'et', 'Et aut at ut ad sequi. Aut aut eaque qui.', 110, 4, 5, '2021-04-12 07:23:48', '2021-04-12 07:23:48'),
(3, 'in', 'Dolores excepturi suscipit eum quod animi enim aut est. Iusto laudantium incidunt occaecati repellat eligendi ut reprehenderit. Saepe omnis consequatur error fugit autem et tempora.', 331, 5, 23, '2021-04-12 07:23:48', '2021-04-12 07:23:48'),
(4, 'rerum', 'Suscipit possimus repellendus voluptas accusamus nemo ut. Est explicabo possimus qui quia. Reiciendis aspernatur dolorem magni consequuntur rerum.', 523, 2, 22, '2021-04-12 07:23:48', '2021-04-12 07:23:48'),
(5, 'in', 'Nihil hic quo nobis assumenda. Repudiandae vel itaque illum eveniet blanditiis voluptas. Enim nostrum quis et voluptas. Ut voluptates velit quibusdam amet cum ex.', 407, 2, 2, '2021-04-12 07:23:48', '2021-04-12 07:23:48'),
(6, 'minus', 'Dignissimos qui odio enim aliquid id cupiditate ab. Veritatis et sed possimus. Iste dolorum et et quos occaecati. Vel fugiat dolores vel doloremque quia voluptates praesentium saepe. Officia molestiae consequatur perspiciatis dolores eveniet est minus inventore.', 249, 8, 27, '2021-04-12 07:23:48', '2021-04-12 07:23:48'),
(7, 'repellendus', 'Laborum ut voluptatem et distinctio ipsum consequatur quia et. Incidunt molestiae voluptatem eius dolorem animi quis quisquam quo. Aperiam qui a nulla consectetur hic dolores iste. Reprehenderit quam voluptates ab nesciunt sit recusandae.', 290, 7, 3, '2021-04-12 07:23:49', '2021-04-12 07:23:49'),
(8, 'commodi', 'Doloribus eos qui alias porro cum. Sequi atque reiciendis porro aliquid et culpa harum.', 638, 7, 16, '2021-04-12 07:23:49', '2021-04-12 07:23:49'),
(9, 'qui', 'Pariatur accusamus ex fuga eos. Aut voluptatibus quia sunt quibusdam saepe eum perferendis. Culpa provident quas nesciunt. Est suscipit sed harum quia ratione.', 649, 3, 11, '2021-04-12 07:23:49', '2021-04-12 07:23:49'),
(10, 'ducimus', 'Autem vitae eius inventore vero nostrum aut. Culpa maxime autem facere beatae dolorum sint. Facilis quam voluptatem et aut aut libero repellendus.', 654, 8, 20, '2021-04-12 07:23:49', '2021-04-12 07:23:49'),
(11, 'neque', 'Libero vel fugit sint vel autem. Quia voluptatem voluptatem quia quo repellendus necessitatibus ut. Perferendis quo sunt temporibus et maxime. Natus modi quisquam ut sunt eos non.', 573, 2, 24, '2021-04-12 07:23:49', '2021-04-12 07:23:49'),
(12, 'est', 'Qui praesentium fugiat et dignissimos sed maiores necessitatibus. Voluptas cumque dolorum nulla est et ut rerum. Delectus architecto quas velit ut.', 603, 6, 14, '2021-04-12 07:23:49', '2021-04-12 07:23:49'),
(13, 'praesentium', 'Reiciendis non accusantium ex modi aliquam labore. Perspiciatis molestiae officia ex animi a. Aut voluptas consequatur non minima.', 351, 4, 25, '2021-04-12 07:23:49', '2021-04-12 07:23:49'),
(14, 'qui', 'Rerum fuga expedita voluptas neque. Quos eos in tempore eos quia provident. Laudantium enim ut quis quos dolores.', 444, 0, 11, '2021-04-12 07:23:49', '2021-04-12 07:23:49'),
(15, 'suscipit', 'Nulla sunt saepe expedita consequatur consequatur enim optio voluptas. Eveniet facere culpa sequi voluptas sed voluptatibus harum. Autem dolorum perspiciatis excepturi quae tenetur eius. Soluta fugiat porro nam doloribus repudiandae eum.', 166, 0, 27, '2021-04-12 07:23:49', '2021-04-12 07:23:49'),
(16, 'voluptate', 'Consequatur aliquid numquam est unde assumenda. Rem occaecati sapiente enim facilis omnis corrupti et non. Eum beatae aut eius corporis doloremque excepturi aut. Iste velit veniam quibusdam quasi.', 752, 0, 26, '2021-04-12 07:23:49', '2021-04-12 07:23:49'),
(17, 'iste', 'Vitae sapiente ipsa fugiat nobis enim qui illum. Quaerat deserunt cum sed id reiciendis et laboriosam in. Totam dolorem et veniam qui voluptatem quibusdam. Consequatur rerum fugiat rerum.', 389, 0, 23, '2021-04-12 07:23:49', '2021-04-12 07:23:49'),
(18, 'fugiat', 'Rem labore a hic fugit ut. Pariatur iure nostrum nihil. Eum minima ut dolor ad. Accusantium omnis quidem quibusdam porro eveniet id cumque illum.', 405, 9, 16, '2021-04-12 07:23:49', '2021-04-12 07:23:49'),
(19, 'sed', 'Ratione et recusandae et veniam. Sit repellendus quas at iusto itaque. Quam quia cupiditate ducimus veniam at voluptatem occaecati. Maiores quia possimus eius soluta enim.', 546, 4, 20, '2021-04-12 07:23:49', '2021-04-12 07:23:49'),
(20, 'iusto', 'Et blanditiis consectetur dolorem aut veritatis dolores maiores. Sit veritatis nobis eum aliquid ullam harum. Reiciendis neque eum repellat recusandae. Est amet nisi quasi unde et et alias. Repellendus commodi fugit et eveniet.', 215, 7, 24, '2021-04-12 07:23:49', '2021-04-12 07:23:49'),
(21, 'ut', 'Ut saepe rerum sunt. Sit iusto iste repellendus.', 694, 8, 30, '2021-04-12 07:23:49', '2021-04-12 07:23:49'),
(22, 'id', 'Quae inventore facilis porro et. Voluptatem nostrum eius illo neque laborum. Omnis laboriosam quasi consectetur dolores nisi id accusamus. Porro quos aut rem aut expedita ea molestiae. Voluptas aut reprehenderit laboriosam velit autem.', 119, 3, 3, '2021-04-12 07:23:49', '2021-04-12 07:23:49'),
(23, 'quod', 'Est voluptas sunt necessitatibus ab voluptatibus ut. Vero aperiam tempora dolore unde natus voluptatem. Officia unde et non ex. Cupiditate temporibus recusandae vel molestiae voluptates aut iure voluptas.', 489, 4, 15, '2021-04-12 07:23:49', '2021-04-12 07:23:49'),
(24, 'quia', 'Est et repudiandae quis. Aut quis omnis omnis quibusdam autem eligendi. Optio sunt enim qui. Rerum natus ut facere qui sint.', 429, 9, 12, '2021-04-12 07:23:49', '2021-04-12 07:23:49'),
(25, 'consequuntur', 'Maxime quia sed repellat quis. Dolorem voluptatum quibusdam a mollitia qui totam delectus voluptatem. Quae sunt fugiat perspiciatis eos perferendis est. Totam nesciunt nam vel facere labore occaecati. Aspernatur tempore sit possimus ut est qui.', 479, 6, 20, '2021-04-12 07:23:49', '2021-04-12 07:23:49'),
(26, 'qui', 'Quia libero ut voluptatem ab placeat sit rerum. Omnis distinctio dolor voluptates corrupti earum. Vel tempore minus aut esse aperiam vitae. Voluptatibus cupiditate voluptatum sint dolor amet. A rerum numquam rem corrupti.', 233, 0, 5, '2021-04-12 07:23:49', '2021-04-12 07:23:49'),
(27, 'eveniet', 'Unde magnam veniam et facere odit quidem. Modi laudantium dolore est ratione hic. Exercitationem voluptates non sapiente animi magni vel omnis odit.', 276, 1, 18, '2021-04-12 07:23:49', '2021-04-12 07:23:49'),
(28, 'et', 'Natus in debitis nihil est. Eum beatae qui omnis deleniti nemo quo vel. Reprehenderit dolorum quae rerum dolorem amet voluptas commodi cumque. Veniam quia fugit iste nihil non.', 438, 5, 20, '2021-04-12 07:23:49', '2021-04-12 07:23:49'),
(29, 'tempore', 'Unde deleniti qui beatae voluptas est veniam. Consequatur occaecati neque sed occaecati. Non numquam et adipisci et ut facilis.', 840, 3, 5, '2021-04-12 07:23:49', '2021-04-12 07:23:49'),
(30, 'qui', 'Nostrum esse cumque rerum eos odio quia occaecati. Iure eum ad nesciunt et. Earum inventore neque cum dolor voluptas.', 338, 4, 26, '2021-04-12 07:23:50', '2021-04-12 07:23:50'),
(31, 'velit', 'Qui vel velit nostrum est. Dicta et voluptatibus ea cumque eius. Neque recusandae deleniti et et aperiam architecto eius. Soluta possimus natus pariatur.', 240, 9, 18, '2021-04-12 07:23:50', '2021-04-12 07:23:50'),
(32, 'est', 'Nam et quia ut ipsam. Aut officiis sunt doloribus sapiente facere suscipit. Voluptatibus eos doloremque qui illum possimus vel.', 223, 2, 13, '2021-04-12 07:23:50', '2021-04-12 07:23:50'),
(33, 'quibusdam', 'Omnis facilis dolores sit culpa quis. Repellendus ex ratione voluptatibus optio repellendus ex. Earum corrupti autem eos omnis. Sit eius magnam et rerum asperiores.', 231, 7, 3, '2021-04-12 07:23:50', '2021-04-12 07:23:50'),
(34, 'ducimus', 'Quos recusandae accusamus ut qui iusto sed libero minima. Esse unde quod et rem sunt occaecati at vel. Aliquam quis iusto sit. Voluptatibus voluptatem nobis perferendis omnis corporis blanditiis provident. Perferendis voluptatum molestias dignissimos dolorum alias ullam quibusdam.', 469, 6, 8, '2021-04-12 07:23:50', '2021-04-12 07:23:50'),
(35, 'vel', 'Hic rerum ipsam autem inventore doloribus assumenda. Impedit saepe numquam esse quidem modi rerum ea non. Nulla sit iusto adipisci quos facilis. Et ut labore aut nisi.', 178, 8, 16, '2021-04-12 07:23:50', '2021-04-12 07:23:50'),
(36, 'facere', 'Omnis natus vitae quod. Aliquam quod tempore vel nisi repellendus. Et est hic sit sed consequatur voluptas.', 408, 4, 7, '2021-04-12 07:23:50', '2021-04-12 07:23:50'),
(37, 'tenetur', 'Dolorum nostrum qui minus ut est molestiae. Vitae nulla sint sint nemo quibusdam. Blanditiis officiis quis nihil sed dolorem rerum. Excepturi voluptatem illum repellat officiis a eius totam ullam.', 378, 4, 16, '2021-04-12 07:23:50', '2021-04-12 07:23:50'),
(38, 'rerum', 'Deleniti maiores distinctio animi distinctio. Ea nemo vitae recusandae deserunt quidem tempore. Corporis minus perferendis provident ut animi pariatur.', 655, 8, 20, '2021-04-12 07:23:50', '2021-04-12 07:23:50'),
(39, 'excepturi', 'Provident velit distinctio aut consequatur harum assumenda dicta maxime. Voluptas est nostrum dolor laudantium aliquam. Rerum totam laboriosam non.', 171, 6, 25, '2021-04-12 07:23:50', '2021-04-12 07:23:50'),
(40, 'aut', 'Ut repudiandae consequuntur et. Fugit pariatur sit quibusdam culpa incidunt eius rem. Vitae unde adipisci quae vitae distinctio perferendis laudantium.', 830, 3, 14, '2021-04-12 07:23:50', '2021-04-12 07:23:50'),
(41, 'rem', 'Omnis consequatur assumenda voluptates incidunt. Optio vel veniam cupiditate ut aperiam.', 626, 4, 19, '2021-04-12 07:23:50', '2021-04-12 07:23:50'),
(42, 'optio', 'Assumenda voluptas vel cum cupiditate sunt laborum. Earum et quisquam et voluptas amet quas aperiam. Harum harum quia aliquam culpa incidunt ullam. Eveniet eaque rerum ut. Dignissimos temporibus error aut qui sed.', 197, 2, 15, '2021-04-12 07:23:50', '2021-04-12 07:23:50'),
(43, 'sed', 'Est est quod nam est non. In laboriosam suscipit natus consequatur dolores minima. At eos enim ullam numquam adipisci.', 224, 4, 15, '2021-04-12 07:23:50', '2021-04-12 07:23:50'),
(44, 'et', 'Vel molestias quo suscipit expedita quam. Quasi ad voluptas adipisci neque sequi quia dolor. Corrupti porro quas earum rem. Facere voluptatem architecto mollitia ullam officiis fugiat.', 797, 4, 24, '2021-04-12 07:23:50', '2021-04-12 07:23:50'),
(45, 'ab', 'Ducimus non animi impedit deserunt sit sunt. Rerum nihil cum asperiores maxime.', 413, 3, 27, '2021-04-12 07:23:50', '2021-04-12 07:23:50'),
(46, 'debitis', 'Odio eaque saepe illum debitis dolor nam sit. Quo possimus sed quis error aut deserunt. Et nihil aut repudiandae dolore. Molestiae quisquam dolores quo rerum ducimus.', 957, 7, 8, '2021-04-12 07:23:50', '2021-04-12 07:23:50'),
(47, 'sequi', 'Quisquam earum molestiae iste omnis voluptates. Sint omnis iste non rerum odit porro est. Eos debitis voluptatum nam consequuntur maxime. Magnam quos fugit iste quidem ratione vitae aut.', 180, 8, 24, '2021-04-12 07:23:50', '2021-04-12 07:23:50'),
(48, 'illum', 'Tempora nostrum accusamus autem doloremque. Et eum impedit eligendi vero distinctio magnam.', 513, 2, 30, '2021-04-12 07:23:50', '2021-04-12 07:23:50'),
(49, 'vel', 'Fugiat aperiam recusandae est at et soluta sapiente. Provident impedit doloremque esse porro deleniti eos id. Quam nisi sequi ullam. Consequatur maiores qui et libero consequatur voluptatem nihil.', 233, 6, 21, '2021-04-12 07:23:50', '2021-04-12 07:23:50'),
(50, 'voluptas', 'Rem accusantium et eius excepturi modi odio est. Debitis molestiae et eos voluptatem ipsa ex quidem. Laboriosam fugiat dolor placeat vitae cupiditate reprehenderit.', 775, 0, 7, '2021-04-12 07:23:50', '2021-04-12 07:23:50'),
(51, 'laudantium', 'Maxime ad est aliquam ipsam quia eligendi. Veniam accusamus quisquam enim in dolores adipisci voluptatem at. Rerum voluptatum est aliquam et illum magni. Molestiae eaque ipsam sunt commodi quod.', 326, 5, 29, '2021-04-12 07:26:05', '2021-04-12 07:26:05'),
(52, 'laudantium', 'Quis et aspernatur omnis est maiores totam odio. Eos ipsa autem incidunt et eum error ducimus blanditiis. Quis molestiae dolores ipsam occaecati.', 233, 9, 8, '2021-04-12 07:26:05', '2021-04-12 07:26:05'),
(53, 'consequatur', 'Reprehenderit minus officia laboriosam quisquam nam error voluptatem. Velit quis ea repellat. Adipisci illum quibusdam soluta ut. Quo ut qui sunt omnis.', 691, 2, 28, '2021-04-12 07:26:05', '2021-04-12 07:26:05'),
(54, 'culpa', 'Odio voluptatem quod mollitia mollitia blanditiis voluptatem aut. Occaecati et sed est rem optio hic. Et blanditiis ea neque sed sunt pariatur.', 287, 3, 14, '2021-04-12 07:26:05', '2021-04-12 07:26:05'),
(55, 'architecto', 'Voluptatem vel sit voluptas minus error qui architecto. Explicabo minus eveniet autem ex dolorum distinctio.', 417, 7, 17, '2021-04-12 07:26:05', '2021-04-12 07:26:05'),
(56, 'placeat', 'Et dolor consequatur libero eaque natus corrupti. Dignissimos et nemo itaque cupiditate rerum placeat atque. Nostrum quisquam minima sapiente ut sit blanditiis non. Aut quae assumenda quisquam aut.', 273, 2, 6, '2021-04-12 07:26:05', '2021-04-12 07:26:05'),
(57, 'ea', 'Optio fugiat fugit officia placeat eos tempora officiis sed. Quo nam nihil animi illo reiciendis odio delectus. Doloremque laborum dolorum et totam.', 715, 7, 23, '2021-04-12 07:26:05', '2021-04-12 07:26:05'),
(58, 'voluptas', 'Iure sit suscipit itaque enim maxime quod aperiam. Itaque ut autem nam aperiam veniam neque. Nihil nulla cumque accusantium aliquid rerum eum.', 729, 1, 19, '2021-04-12 07:26:05', '2021-04-12 07:26:05'),
(59, 'harum', 'Molestiae eos minus animi corporis enim. Voluptas quasi dicta adipisci dolores laboriosam est. Possimus at officia doloribus error inventore esse vero et. Repudiandae voluptates quae aliquam natus aut neque fugiat.', 929, 2, 27, '2021-04-12 07:26:05', '2021-04-12 07:26:05'),
(60, 'voluptatem', 'Mollitia at sunt nihil. Recusandae qui voluptas at quos aut non vitae quia. Facere animi dolore ab eligendi. Quis aut neque asperiores qui.', 907, 9, 30, '2021-04-12 07:26:05', '2021-04-12 07:26:05'),
(61, 'voluptatibus', 'Totam saepe et iusto est nihil libero. Tenetur officiis earum consequatur delectus quam. Deleniti id saepe sed atque exercitationem laudantium minus. Consectetur assumenda rerum voluptatem mollitia incidunt et explicabo.', 571, 1, 30, '2021-04-12 07:26:05', '2021-04-12 07:26:05'),
(62, 'natus', 'In eligendi accusamus aut est et laboriosam nesciunt fugit. Est enim sint nesciunt impedit repellendus tenetur.', 919, 6, 27, '2021-04-12 07:26:06', '2021-04-12 07:26:06'),
(63, 'laudantium', 'Optio suscipit eligendi doloremque sint porro veritatis. Laborum possimus aliquam quasi dignissimos facere aut. Numquam corporis ratione omnis sequi laudantium.', 166, 3, 10, '2021-04-12 07:26:06', '2021-04-12 07:26:06'),
(64, 'et', 'Quasi repudiandae earum asperiores. Id eos est accusamus et iusto vel consequatur. Expedita dignissimos sequi eveniet et non doloremque ipsum. Placeat officia ipsa exercitationem ea quo.', 304, 9, 28, '2021-04-12 07:26:06', '2021-04-12 07:26:06'),
(65, 'ipsam', 'Ut impedit nulla debitis occaecati sit alias atque architecto. Ex debitis molestiae qui. Sapiente consequatur sed molestias officiis officiis. Ut dolorem nobis aliquam suscipit neque.', 748, 8, 10, '2021-04-12 07:26:06', '2021-04-12 07:26:06'),
(66, 'et', 'Vitae est ex et quae. Omnis voluptas in maxime aut velit. Harum eos a earum delectus aliquam.', 811, 3, 25, '2021-04-12 07:26:06', '2021-04-12 07:26:06'),
(67, 'iusto', 'Quasi rerum ullam deserunt alias. Non voluptates quas eligendi illum autem quia.', 955, 5, 25, '2021-04-12 07:26:06', '2021-04-12 07:26:06'),
(68, 'natus', 'Inventore enim beatae dolor rerum sint optio. Quia non tempora tenetur dolorem earum eaque quae incidunt. Aspernatur in omnis voluptatem nobis.', 688, 6, 17, '2021-04-12 07:26:06', '2021-04-12 07:26:06'),
(69, 'voluptas', 'Et ut vero ipsam repudiandae aliquam molestias aspernatur. Nisi ut non nostrum. Quam autem et et numquam. Omnis voluptatem est sint quod reprehenderit non rem.', 579, 0, 14, '2021-04-12 07:26:06', '2021-04-12 07:26:06'),
(70, 'qui', 'Nemo quas velit omnis nobis inventore repudiandae enim assumenda. Quod repudiandae ea quidem ut animi quisquam aut odit. Ea repellendus eveniet quasi praesentium eum error rem.', 507, 5, 7, '2021-04-12 07:26:06', '2021-04-12 07:26:06'),
(71, 'dolorem', 'Est sit et ex deserunt facere facilis. Quam quia esse voluptas voluptatem consequatur eum. Minima quisquam velit minima similique possimus aut quo.', 531, 0, 7, '2021-04-12 07:26:06', '2021-04-12 07:26:06'),
(72, 'natus', 'Rem molestiae vero saepe recusandae rem. Repudiandae labore illum quos nisi. Blanditiis asperiores porro nemo. Quisquam aspernatur magnam suscipit dolores aspernatur ea.', 823, 4, 30, '2021-04-12 07:26:06', '2021-04-12 07:26:06'),
(73, 'ipsam', 'Alias ullam ab rem sunt libero eligendi. Excepturi architecto perspiciatis est dolorem odit. Magni aperiam ex reprehenderit dicta nemo nostrum. Sed sed fugit nulla aspernatur.', 904, 1, 23, '2021-04-12 07:26:06', '2021-04-12 07:26:06'),
(74, 'odio', 'Quos mollitia aut alias. Soluta necessitatibus rem vero. Rerum praesentium explicabo ut sit alias iste. Fugit voluptatem quasi animi nulla qui.', 654, 1, 6, '2021-04-12 07:26:06', '2021-04-12 07:26:06'),
(75, 'quis', 'Vero in velit eum nemo enim officiis est. Ut animi possimus sed. Et et consectetur recusandae quasi et fugit. Illum distinctio sed a recusandae consequatur quisquam et qui.', 662, 9, 20, '2021-04-12 07:26:06', '2021-04-12 07:26:06'),
(76, 'non', 'Nulla consequatur sit doloribus tempora. Labore aut doloribus autem eveniet modi minus. Ab neque facilis tempore dolores quo impedit voluptate.', 286, 4, 4, '2021-04-12 07:26:06', '2021-04-12 07:26:06'),
(77, 'architecto', 'Quos debitis ut nobis architecto exercitationem provident sed deserunt. Dolorum unde rerum non sit alias ipsam eos tempora. Assumenda rerum quidem ea omnis facilis ducimus.', 858, 0, 3, '2021-04-12 07:26:06', '2021-04-12 07:26:06'),
(78, 'quis', 'Qui est beatae quia aliquam natus vero. Ut repellendus ea repellat adipisci velit et. Laborum praesentium voluptate sunt labore.', 913, 1, 29, '2021-04-12 07:26:06', '2021-04-12 07:26:06'),
(79, 'temporibus', 'Omnis fugiat doloremque iusto qui temporibus. Ipsam corrupti sit velit. Fugiat omnis dolor ut beatae. Adipisci voluptatum occaecati laborum nesciunt quibusdam pariatur.', 280, 3, 6, '2021-04-12 07:26:06', '2021-04-12 07:26:06'),
(80, 'porro', 'Quia iusto sit modi facilis quidem nulla non. Debitis rerum qui laboriosam officia ut. Dicta non in aut. Nihil est voluptates error facilis ut.', 210, 0, 23, '2021-04-12 07:26:06', '2021-04-12 07:26:06'),
(81, 'magnam', 'Veritatis voluptas sit iure maiores rerum. Reiciendis et iure omnis voluptates quia provident libero. Ut molestias ipsa commodi veniam sint ducimus. Dolor et optio quas atque quo quis optio qui.', 449, 4, 29, '2021-04-12 07:26:06', '2021-04-12 07:26:06'),
(82, 'ut', 'Omnis ex laborum similique accusantium excepturi. Veritatis et totam eligendi modi. Vero cupiditate corporis quia porro at. In asperiores nostrum adipisci suscipit aut.', 549, 4, 15, '2021-04-12 07:26:06', '2021-04-12 07:26:06'),
(83, 'suscipit', 'Eius incidunt est ex nesciunt a perferendis voluptas quis. Sunt officia similique veniam ea. Dolorem cum eveniet nam dolorem quia et et.', 281, 4, 10, '2021-04-12 07:26:06', '2021-04-12 07:26:06'),
(84, 'quod', 'Aut amet possimus deleniti facere officia. Inventore facilis dolores quaerat consequatur. Aliquam ut accusamus assumenda dolorum. Neque officia natus nulla rem voluptatem corrupti nulla.', 967, 5, 27, '2021-04-12 07:26:07', '2021-04-12 07:26:07'),
(85, 'iusto', 'Inventore explicabo voluptatem et. Sequi praesentium corrupti sed sed adipisci quia. Culpa ipsum nemo natus voluptatibus voluptatibus.', 824, 3, 23, '2021-04-12 07:26:07', '2021-04-12 07:26:07'),
(86, 'et', 'Ea vitae unde ipsam rerum libero. Enim sunt provident cumque eum voluptates possimus. Ad facilis ut quam impedit. Et quia est sit repudiandae assumenda voluptas dolor.', 484, 5, 12, '2021-04-12 07:26:07', '2021-04-12 07:26:07'),
(87, 'culpa', 'Facere minima magnam odio dolor eos iure. Fugiat nisi voluptas qui sint voluptatem incidunt ex iure.', 400, 5, 20, '2021-04-12 07:26:07', '2021-04-12 07:26:07'),
(88, 'consequatur', 'Vero beatae nostrum veritatis iste quibusdam. Omnis voluptatem et ea consectetur.', 702, 2, 21, '2021-04-12 07:26:07', '2021-04-12 07:26:07'),
(89, 'delectus', 'Est in ea laboriosam nam dolores. Qui dolor impedit possimus itaque et. Eius et praesentium maxime excepturi ut. Vel rerum saepe mollitia exercitationem aut dolore doloribus.', 314, 3, 16, '2021-04-12 07:26:07', '2021-04-12 07:26:07'),
(90, 'hic', 'Quisquam tenetur vel ipsa earum aut. Voluptas voluptate et nisi ut. Ea ut quam id porro sed repudiandae quas. Perferendis officiis nihil non reiciendis qui.', 155, 5, 13, '2021-04-12 07:26:07', '2021-04-12 07:26:07'),
(91, 'et', 'Cupiditate numquam corrupti earum voluptas unde. Odio in saepe voluptates eos eum rerum nostrum pariatur. Laborum accusamus natus qui accusamus et.', 730, 5, 14, '2021-04-12 07:26:07', '2021-04-12 07:26:07'),
(92, 'perferendis', 'Labore cum repellendus reprehenderit sint deleniti. Est velit rerum ab perferendis consequuntur sed nesciunt. Omnis culpa vel aut incidunt dolorem dolore dolores.', 534, 1, 30, '2021-04-12 07:26:07', '2021-04-12 07:26:07'),
(93, 'ipsa', 'Dolor quia placeat aut omnis exercitationem odit. Enim nihil quis est earum quasi.', 869, 9, 28, '2021-04-12 07:26:07', '2021-04-12 07:26:07'),
(94, 'suscipit', 'Quo necessitatibus earum non et sit deserunt nemo. Dolor qui ut illum molestiae porro. Deleniti molestiae quia itaque autem.', 143, 5, 26, '2021-04-12 07:26:07', '2021-04-12 07:26:07'),
(95, 'voluptatem', 'Dolor dolores et perspiciatis necessitatibus excepturi omnis. Incidunt excepturi unde sed in ea voluptas expedita. Deleniti maxime voluptas aliquid nam sed eos qui. Ducimus saepe molestiae quia dolorem.', 514, 9, 19, '2021-04-12 07:26:07', '2021-04-12 07:26:07'),
(96, 'et', 'Ullam eius corporis odit laboriosam aut laborum totam. Quo sed voluptas similique distinctio nesciunt dignissimos perferendis vero. Odit id iste hic dolorem qui.', 610, 7, 13, '2021-04-12 07:26:07', '2021-04-12 07:26:07'),
(97, 'quis', 'Velit voluptatum non fuga velit ipsa in. Ut corporis veritatis ab. Culpa corrupti maxime iste numquam unde atque esse. Quia quae consequatur modi alias deserunt similique.', 913, 9, 29, '2021-04-12 07:26:07', '2021-04-12 07:26:07'),
(98, 'ea', 'Fugiat modi ipsum unde numquam. Voluptate doloremque et laudantium repudiandae laudantium reiciendis dolores. Atque reprehenderit eligendi recusandae voluptas. Illum sapiente enim ut earum.', 170, 9, 5, '2021-04-12 07:26:07', '2021-04-12 07:26:07'),
(99, 'quis', 'Reiciendis officiis veritatis qui esse consequatur neque facere rerum. Omnis delectus laboriosam et deserunt incidunt sed. Officia quia et cum quibusdam. Doloribus quia nemo voluptatem iusto aliquid consectetur et hic.', 949, 5, 30, '2021-04-12 07:26:07', '2021-04-12 07:26:07'),
(100, 'repudiandae', 'Sint harum quibusdam molestias. Harum qui qui eum nulla esse qui commodi et. Autem ullam aliquam non quasi itaque eum. Qui non doloremque et.', 246, 4, 3, '2021-04-12 07:26:07', '2021-04-12 07:26:07');

-- --------------------------------------------------------

--
-- Table structure for table `reviews`
--

CREATE TABLE `reviews` (
  `id` bigint(20) UNSIGNED NOT NULL,
  `product_id` bigint(20) UNSIGNED NOT NULL,
  `customer` varchar(255) COLLATE utf8mb4_unicode_ci NOT NULL,
  `review` text COLLATE utf8mb4_unicode_ci NOT NULL,
  `star` int(11) NOT NULL,
  `created_at` timestamp NULL DEFAULT NULL,
  `updated_at` timestamp NULL DEFAULT NULL
) ENGINE=InnoDB DEFAULT CHARSET=utf8mb4 COLLATE=utf8mb4_unicode_ci;

--
-- Dumping data for table `reviews`
--

INSERT INTO `reviews` (`id`, `product_id`, `customer`, `review`, `star`, `created_at`, `updated_at`) VALUES
(1, 55, 'Vernice Wehner', 'Qui aliquam fugiat tenetur nostrum. Facere facere ut totam libero et enim natus dolores. Beatae dolor eos aut quasi ut et maxime.', 4, '2021-04-12 07:26:09', '2021-04-12 07:26:09'),
(2, 73, 'Jerald Fadel', 'Consequatur distinctio est voluptates illum qui. Voluptatem aut sit veritatis ratione velit et cum perspiciatis. Et tempore error ut in veniam reiciendis.', 5, '2021-04-12 07:26:09', '2021-04-12 07:26:09'),
(3, 39, 'Mr. Cedrick Gibson', 'Occaecati ut ipsum fugit accusantium quaerat. Ut dolor quo eius rerum blanditiis maiores. Quia ea libero quidem nostrum omnis magnam alias.', 5, '2021-04-12 07:26:09', '2021-04-12 07:26:09'),
(4, 32, 'Wayne Rolfson', 'Impedit tenetur laudantium quia temporibus quasi quis. Corporis illum vel est omnis. Rerum qui animi consequatur sequi enim. Voluptas commodi eius doloremque fuga. Quam et dolore et dicta et.', 1, '2021-04-12 07:26:09', '2021-04-12 07:26:09'),
(5, 65, 'Fabiola Maggio', 'Qui perferendis corporis sunt sequi voluptatem nesciunt. Et odio dolorum voluptas recusandae vel voluptatum. Quo et laborum earum ut cumque. Rerum quisquam praesentium quaerat perferendis.', 5, '2021-04-12 07:26:09', '2021-04-12 07:26:09'),
(6, 28, 'Zora King', 'Velit amet quis maiores eaque eaque molestiae est fugit. Sed distinctio sed dignissimos suscipit. Velit ipsam maxime error perspiciatis quis minus.', 4, '2021-04-12 07:26:09', '2021-04-12 07:26:09'),
(7, 37, 'Herbert Hills Jr.', 'Quo qui architecto consectetur est vero ut vitae incidunt. Tempora occaecati sapiente dolorem id modi. Sit quibusdam praesentium omnis nemo ipsum nostrum voluptatum blanditiis. Delectus facilis esse sequi nemo neque tempore non.', 2, '2021-04-12 07:26:09', '2021-04-12 07:26:09'),
(8, 45, 'Miss Noemie Daugherty III', 'Provident velit fuga repudiandae et accusantium. Eum eos autem a modi fuga repellat enim nulla.', 5, '2021-04-12 07:26:09', '2021-04-12 07:26:09'),
(9, 99, 'Mr. Tyson Larkin Jr.', 'Fuga sint fugit est ex. Doloremque et molestiae ut omnis ipsam ut.', 1, '2021-04-12 07:26:09', '2021-04-12 07:26:09'),
(10, 43, 'Waylon Reichert', 'Quos sit corrupti consequatur minima pariatur minima ratione. Placeat harum et et. Perspiciatis quo non odio nisi.', 0, '2021-04-12 07:26:09', '2021-04-12 07:26:09'),
(11, 19, 'Miss Leta Hansen', 'At sit quam rem aut. Tempore ipsum facilis sunt ut nihil qui. Saepe sit minima dolores eveniet. Error eligendi repellat reprehenderit dolor sit.', 2, '2021-04-12 07:26:09', '2021-04-12 07:26:09'),
(12, 89, 'Randy Mertz', 'In ullam distinctio voluptatum et. Iure rem molestiae quia illo impedit error. At dolore minus sit qui totam animi perferendis.', 0, '2021-04-12 07:26:09', '2021-04-12 07:26:09'),
(13, 90, 'Willie Schimmel', 'Maiores velit mollitia est autem magni ut neque excepturi. Quasi recusandae placeat voluptatum cupiditate animi aut eos. Facilis nesciunt quaerat minima aliquid.', 1, '2021-04-12 07:26:09', '2021-04-12 07:26:09'),
(14, 95, 'Mrs. Ollie Gulgowski', 'Illo sed earum eius ea provident. Unde voluptas qui blanditiis.', 2, '2021-04-12 07:26:09', '2021-04-12 07:26:09'),
(15, 87, 'Mrs. Izabella Hirthe DDS', 'Modi accusamus qui provident est iste. Dolores et dignissimos omnis. Repudiandae et vero aliquam ut fugiat. Voluptatibus perspiciatis aliquam sit pariatur. Tenetur non ea necessitatibus velit nostrum.', 1, '2021-04-12 07:26:09', '2021-04-12 07:26:09'),
(16, 32, 'Dr. Rico Kertzmann', 'Nostrum magnam et officiis incidunt. Ipsam ut voluptatem quam qui quia blanditiis. Suscipit voluptatem molestiae autem consequatur laboriosam voluptates eos laborum.', 5, '2021-04-12 07:26:09', '2021-04-12 07:26:09'),
(17, 59, 'Ms. Tessie DuBuque', 'Et voluptas vel quibusdam nostrum ut voluptatibus eligendi dolor. Omnis ipsum occaecati animi reprehenderit ab quod corrupti. Ut et dolorem dolores maiores iusto.', 4, '2021-04-12 07:26:09', '2021-04-12 07:26:09'),
(18, 7, 'Aimee Mayert', 'Omnis autem sed est consequuntur. Et repellendus nam dolores enim et ut. Ea ipsum et quia voluptatibus officia perferendis omnis. Ullam ut autem et. Quas sequi id ducimus ut possimus necessitatibus eaque.', 4, '2021-04-12 07:26:09', '2021-04-12 07:26:09'),
(19, 80, 'Dariana Ferry', 'Aspernatur placeat in quaerat nostrum rem voluptatem. Deleniti recusandae aut quidem exercitationem impedit est. Voluptas totam eos vel quis id et hic.', 3, '2021-04-12 07:26:09', '2021-04-12 07:26:09'),
(20, 42, 'Dr. Kaylin Vandervort', 'Quis reprehenderit saepe quas est. Delectus quis atque esse. Porro nobis fuga magnam est. Iure nesciunt quidem corporis. Accusantium voluptatem autem deleniti eveniet qui praesentium eum.', 4, '2021-04-12 07:26:10', '2021-04-12 07:26:10'),
(21, 70, 'Muriel Robel', 'Repellat magni rem voluptas incidunt. Fugit eius excepturi voluptate eveniet dolorem possimus. At sapiente rerum sint qui cumque ea. Totam provident molestiae repellendus deserunt velit sit. Non aut veritatis voluptas sed hic.', 2, '2021-04-12 07:26:10', '2021-04-12 07:26:10'),
(22, 49, 'Dr. Cristopher Connelly V', 'Molestias et voluptates ut dolores labore possimus odio. Explicabo cum repellendus dolore facilis vel et est est. Omnis dolorem quia deserunt non placeat. Quia inventore dolorum quibusdam illum rem perferendis sapiente.', 1, '2021-04-12 07:26:10', '2021-04-12 07:26:10'),
(23, 31, 'Emily Hackett', 'Quasi esse ratione labore. Sequi ut tempora natus iste omnis est. Quam eveniet blanditiis eligendi quo. Alias nam sed nemo eos maxime eos.', 0, '2021-04-12 07:26:10', '2021-04-12 07:26:10'),
(24, 4, 'Camille Huels', 'Voluptas sit officia fuga reiciendis sint aut. Delectus reiciendis qui nulla aut. Qui nihil atque dignissimos quis quibusdam tenetur itaque inventore. Aut ut tempore dolores laboriosam veritatis sed quo.', 0, '2021-04-12 07:26:10', '2021-04-12 07:26:10'),
(25, 75, 'Prof. Marietta White', 'Eaque at quasi distinctio hic ut adipisci. Autem quaerat qui iure exercitationem. Illum veritatis assumenda qui fugiat molestiae hic fugit.', 0, '2021-04-12 07:26:10', '2021-04-12 07:26:10'),
(26, 55, 'Zakary Mertz Jr.', 'Laudantium voluptas voluptatem numquam neque est ea. Voluptatem ratione eaque blanditiis dolore hic. Iste iure consequatur in sint eum nobis beatae.', 5, '2021-04-12 07:26:10', '2021-04-12 07:26:10'),
(27, 94, 'Stacey Fay', 'Rerum soluta maiores voluptatem quo harum repellat. Consequuntur iusto voluptates beatae nesciunt temporibus. Voluptatem laudantium corrupti blanditiis molestiae. Aliquam voluptas quibusdam vel.', 1, '2021-04-12 07:26:10', '2021-04-12 07:26:10'),
(28, 18, 'Lempi Miller', 'Et impedit at est quas voluptatem nemo eos. Perferendis et odit amet distinctio harum. Dolorem autem impedit a omnis repudiandae ut vel. Deleniti ex maxime et repudiandae libero enim autem. Nobis ut suscipit quaerat.', 3, '2021-04-12 07:26:10', '2021-04-12 07:26:10'),
(29, 94, 'Deshaun Mann PhD', 'Sed asperiores et et soluta reprehenderit sunt. Veniam autem unde nulla nisi praesentium. Quod rerum occaecati magni aut sit.', 2, '2021-04-12 07:26:10', '2021-04-12 07:26:10'),
(30, 41, 'Richmond Von', 'Sit nesciunt tenetur quia nobis in et. Similique et dolores tempore quisquam. Est amet exercitationem et minima.', 4, '2021-04-12 07:26:10', '2021-04-12 07:26:10'),
(31, 15, 'Liza Hilpert', 'Rerum voluptatem culpa non iste. Libero voluptatem voluptatem officiis qui tempora molestiae cumque quae. Sequi enim et sit quo illum. Doloribus quia nemo rem officiis vero voluptas ut iusto.', 2, '2021-04-12 07:26:10', '2021-04-12 07:26:10'),
(32, 64, 'Yessenia Jast', 'Sint et et facilis magnam eum adipisci qui. Aliquam nam voluptate nisi temporibus. Fugiat autem repudiandae est placeat laudantium iusto rerum. Officiis accusantium eligendi adipisci aperiam quia dolorum non.', 2, '2021-04-12 07:26:10', '2021-04-12 07:26:10'),
(33, 42, 'Prof. Percival Quigley', 'Ut aliquid cum necessitatibus occaecati quibusdam facere architecto. Delectus numquam voluptatibus voluptatum facere. Laudantium esse nemo harum rerum et qui.', 4, '2021-04-12 07:26:10', '2021-04-12 07:26:10'),
(34, 33, 'Darrick Kshlerin', 'Velit porro sit et et. Recusandae at doloremque aliquam soluta eaque. Sit aut voluptatem reprehenderit voluptatum officia mollitia ut.', 4, '2021-04-12 07:26:10', '2021-04-12 07:26:10'),
(35, 47, 'Anahi Botsford', 'Reprehenderit quae minima asperiores labore. Ea impedit minima praesentium et quas et. Exercitationem odit sed totam ipsam qui nihil assumenda. Occaecati rem quos nemo sit non. Perspiciatis cum inventore voluptas et quis et.', 1, '2021-04-12 07:26:10', '2021-04-12 07:26:10'),
(36, 53, 'Eladio Breitenberg', 'Laudantium illo aut sed. Cum doloremque nihil quibusdam consequuntur aut possimus ut. Voluptas nulla voluptatum cum dolores.', 3, '2021-04-12 07:26:10', '2021-04-12 07:26:10'),
(37, 43, 'Bruce Erdman', 'Accusantium qui nihil doloremque esse saepe. Sunt possimus quisquam vitae perspiciatis. Sint ea ut ut eligendi quisquam sapiente nihil ut. Omnis labore hic beatae debitis veritatis non enim.', 1, '2021-04-12 07:26:10', '2021-04-12 07:26:10'),
(38, 48, 'Kacie Simonis', 'Omnis velit deserunt sit fugit qui. Ea explicabo sed dolorum et commodi quae. Eum id quos natus et aliquam et et. Hic ad officiis recusandae atque.', 2, '2021-04-12 07:26:10', '2021-04-12 07:26:10'),
(39, 66, 'Malika Gibson', 'Est qui quis sint enim assumenda rerum. Culpa soluta eius iste explicabo quibusdam minus delectus. Totam laudantium vel doloribus consequatur. Eaque voluptatum culpa numquam aperiam quas autem eos necessitatibus.', 0, '2021-04-12 07:26:10', '2021-04-12 07:26:10'),
(40, 81, 'Kelton Lesch', 'Animi eligendi aliquid quaerat quae quasi eos odio. Dolores veritatis voluptate earum praesentium vero possimus facilis.', 1, '2021-04-12 07:26:10', '2021-04-12 07:26:10'),
(41, 3, 'Dr. Ricky Sauer', 'Ipsam optio quo dolore perferendis. Quidem vitae expedita non consequatur possimus. Sunt quia ea deserunt dolorem odit.', 4, '2021-04-12 07:26:10', '2021-04-12 07:26:10'),
(42, 4, 'Athena Ziemann', 'Ad officiis qui quas necessitatibus quibusdam. Voluptatem reiciendis officia repellat qui laudantium veritatis voluptas. Quis tempora laborum laudantium eaque sit voluptas.', 1, '2021-04-12 07:26:10', '2021-04-12 07:26:10'),
(43, 84, 'Mrs. Maxie Glover IV', 'Occaecati ut est quia labore voluptatibus nisi ipsa. Fugit ut odit fugit ullam doloribus nesciunt labore. Corporis omnis quos veniam corrupti provident labore.', 4, '2021-04-12 07:26:10', '2021-04-12 07:26:10'),
(44, 96, 'Nikki Schowalter', 'Consequuntur aut aperiam asperiores et quidem enim et. Distinctio dolores explicabo quia temporibus aut dolores et. Officiis minus dolorem sint dolorem illum. Voluptatem minus accusamus doloribus excepturi quia pariatur autem.', 2, '2021-04-12 07:26:10', '2021-04-12 07:26:10'),
(45, 73, 'Willis Heller', 'Consequatur esse sunt architecto vel nobis. Est esse non rem sed exercitationem officiis. Rerum maiores explicabo ipsam vitae distinctio rerum id. Molestiae exercitationem nihil aut voluptate sit enim quam veniam.', 5, '2021-04-12 07:26:10', '2021-04-12 07:26:10'),
(46, 62, 'Prof. Donny Keebler', 'Fuga repudiandae quia fugit sint libero. Et eos dolorum debitis quo voluptatem illum. Pariatur qui sint voluptate ipsa et. Nobis quis vitae veritatis fugit odio fugiat iste ut.', 0, '2021-04-12 07:26:10', '2021-04-12 07:26:10'),
(47, 40, 'Dr. Misael Bauch II', 'Quis in quidem quam atque voluptatum. Quae ut id nobis. Veritatis optio in dolor eaque ut magni incidunt eius. Atque aut adipisci quia totam.', 5, '2021-04-12 07:26:10', '2021-04-12 07:26:10'),
(48, 20, 'Jalen Hegmann IV', 'Alias id unde iste sapiente aperiam molestiae. Id et laboriosam amet quam. Harum a excepturi omnis sapiente. Iusto sed est aut saepe iste.', 0, '2021-04-12 07:26:10', '2021-04-12 07:26:10'),
(49, 93, 'Edwin Willms', 'Sit quisquam eaque porro repellat maxime. Quia molestias quas assumenda minima rerum ut sit culpa. Molestiae illum optio dicta eum praesentium dolorum praesentium ut.', 5, '2021-04-12 07:26:10', '2021-04-12 07:26:10'),
(50, 1, 'Dr. Neil Leannon', 'Et velit iusto vel aut distinctio. Maiores non et rerum est sed veritatis quae. Quasi sequi ea aperiam est nam non. Ea et perferendis autem qui debitis corporis.', 1, '2021-04-12 07:26:10', '2021-04-12 07:26:10'),
(51, 39, 'Dr. Randal Hessel', 'Fuga officiis delectus voluptas quaerat. Adipisci blanditiis iure rerum labore quod pariatur. Sapiente in modi cum error.', 2, '2021-04-12 07:26:10', '2021-04-12 07:26:10'),
(52, 83, 'Prof. Silas Brown', 'Est corrupti maiores perspiciatis quod. Quasi voluptas voluptatibus sed voluptatum. Incidunt nesciunt animi impedit et. Rerum velit reiciendis molestiae dolorem et qui nemo.', 4, '2021-04-12 07:26:10', '2021-04-12 07:26:10'),
(53, 22, 'Chet Cruickshank', 'Voluptatem non explicabo blanditiis neque voluptatem. Esse et quam nostrum et. Facere ipsum maiores non modi porro quos ut.', 3, '2021-04-12 07:26:10', '2021-04-12 07:26:10'),
(54, 6, 'Paris Beahan', 'Ducimus culpa delectus ratione beatae. Tempora aperiam aut et odio veritatis voluptate sed. Doloribus sunt ipsam odio occaecati totam quis ut qui.', 0, '2021-04-12 07:26:10', '2021-04-12 07:26:10'),
(55, 19, 'Prof. Rae Metz DVM', 'Laborum similique dolores harum provident eaque. Sunt eaque sed sed doloribus. Inventore quo distinctio consequatur omnis.', 5, '2021-04-12 07:26:10', '2021-04-12 07:26:10'),
(56, 39, 'Rosalia Erdman Sr.', 'Totam in itaque fugiat blanditiis consequatur omnis ad. Porro nisi aut enim odit laborum nulla. Nesciunt et facilis iusto officiis voluptate officiis qui est. Aut natus aliquam inventore dicta omnis nihil.', 5, '2021-04-12 07:26:10', '2021-04-12 07:26:10'),
(57, 7, 'Dr. Irwin Boyer', 'Doloremque earum officiis nihil aut. Consequatur et est expedita molestiae. Praesentium id aut sed quam atque et minus.', 3, '2021-04-12 07:26:10', '2021-04-12 07:26:10'),
(58, 89, 'Bud Reichert', 'Hic ea officiis consectetur possimus. Rerum saepe molestias dolorem in. Recusandae eos odit consequatur accusantium est nobis veniam. Doloremque quasi nihil temporibus qui voluptatem magnam ipsa.', 4, '2021-04-12 07:26:10', '2021-04-12 07:26:10'),
(59, 71, 'Mr. Savion Paucek DDS', 'Beatae expedita ducimus voluptatem magnam ipsa dolorem. Rerum et omnis fugiat. Maxime enim est et nobis. Ducimus laudantium non porro. Incidunt mollitia et quas atque voluptatibus porro rerum.', 1, '2021-04-12 07:26:11', '2021-04-12 07:26:11'),
(60, 58, 'Josianne Daugherty', 'Deleniti quia repudiandae aliquid est beatae occaecati veritatis. Nam sunt quia illo alias harum reiciendis velit. Quae eligendi nihil possimus non quo sint autem. Aperiam molestiae et et unde harum consequatur quis.', 3, '2021-04-12 07:26:11', '2021-04-12 07:26:11'),
(61, 96, 'Vivienne Dietrich Jr.', 'Laborum architecto quasi aut totam ducimus. Deserunt occaecati odit ipsam magni ut aut iste. Et sapiente quo sint est quia explicabo est. Ducimus neque repellat culpa dicta ut ut. Cumque eos voluptatibus quas ea quasi.', 5, '2021-04-12 07:26:11', '2021-04-12 07:26:11'),
(62, 38, 'Mrs. Krystel Kessler', 'Cupiditate fuga minima aspernatur ea laboriosam tempora. Rem maxime voluptatibus sunt occaecati ullam quis. Ut harum sint a velit harum.', 0, '2021-04-12 07:26:11', '2021-04-12 07:26:11'),
(63, 45, 'Prof. Emerald Hilpert MD', 'Aperiam distinctio laborum et nostrum doloremque est. Reprehenderit velit veniam corrupti recusandae. Accusantium enim earum natus illum.', 2, '2021-04-12 07:26:11', '2021-04-12 07:26:11'),
(64, 90, 'Gunnar Hamill II', 'Totam repellendus est ea. Odio modi quibusdam aut magnam autem. Dicta ex nobis dolores dolore illum fugit iste est.', 2, '2021-04-12 07:26:11', '2021-04-12 07:26:11'),
(65, 11, 'Polly McCullough', 'Cum mollitia facere ut in consequatur. Debitis perferendis dolores quis rerum quis est asperiores. Perferendis est a dolor earum officiis et.', 2, '2021-04-12 07:26:11', '2021-04-12 07:26:11'),
(66, 32, 'Elna Ward', 'Aut aut repellat eaque assumenda aspernatur aliquid explicabo. Unde voluptatem id et tenetur. Placeat consequatur illum quis laboriosam dolores accusantium in. Quibusdam velit laboriosam voluptatum.', 1, '2021-04-12 07:26:11', '2021-04-12 07:26:11'),
(67, 12, 'Miss Liana Wilderman III', 'Voluptas et eum occaecati ut illum id. Et ullam et est beatae ut. Ea delectus et culpa omnis voluptas. Provident fugit et cum molestiae delectus. Officia qui provident pariatur iure expedita rerum ullam omnis.', 0, '2021-04-12 07:26:11', '2021-04-12 07:26:11'),
(68, 80, 'Dr. Joy McClure', 'Dicta rerum libero repellat. Sed laboriosam numquam totam velit beatae. Aut saepe quia rerum dolor commodi aliquam nemo.', 3, '2021-04-12 07:26:11', '2021-04-12 07:26:11'),
(69, 10, 'Ariane Koepp', 'A placeat id est iusto nihil. Pariatur ducimus harum quia iusto. Cumque perspiciatis eveniet aut ut dolor voluptas.', 3, '2021-04-12 07:26:11', '2021-04-12 07:26:11'),
(70, 75, 'Ignacio Klocko', 'Est eum molestias nesciunt laborum eligendi eos officia. Illo adipisci voluptatem qui id nobis autem. Quam minus rerum perferendis qui quis expedita. Perferendis debitis amet repellendus eos ullam.', 5, '2021-04-12 07:26:11', '2021-04-12 07:26:11'),
(71, 38, 'Dr. Colin Kautzer', 'Vero consequatur atque magni est deleniti deserunt aut. Quae consequatur vero dolores magni. Quia inventore doloremque ad fuga necessitatibus et at laboriosam. Et cumque sint iste veritatis autem et.', 4, '2021-04-12 07:26:11', '2021-04-12 07:26:11'),
(72, 82, 'Prof. Kylie Rolfson Jr.', 'Quia magnam neque est cupiditate dolore illum soluta. Dolorem facere nulla officiis quia pariatur.', 5, '2021-04-12 07:26:11', '2021-04-12 07:26:11'),
(73, 68, 'Nelle Hauck', 'Et sunt quae consequatur dolor ab dolorem. Ex eveniet suscipit earum unde voluptas sint. Saepe dolores magnam impedit. Et nesciunt sunt recusandae provident enim.', 4, '2021-04-12 07:26:11', '2021-04-12 07:26:11'),
(74, 86, 'Mr. Felton Yost', 'Harum occaecati ut id ipsam possimus omnis deleniti natus. Nihil quisquam similique ipsam et itaque corrupti.', 2, '2021-04-12 07:26:11', '2021-04-12 07:26:11'),
(75, 59, 'Dr. Easton Jenkins', 'Et nam itaque sint blanditiis. Et aliquid incidunt rerum exercitationem vero explicabo cupiditate. Quia quis incidunt est cum facilis. Et enim sapiente et assumenda ut nisi veritatis magni.', 0, '2021-04-12 07:26:11', '2021-04-12 07:26:11'),
(76, 32, 'Davon Berge', 'In animi eaque sit molestiae ea. Doloribus sit laborum repudiandae veniam vitae quasi aliquam unde. Quas fugiat quo architecto consequuntur facere. Mollitia dolor aut quidem.', 3, '2021-04-12 07:26:11', '2021-04-12 07:26:11'),
(77, 25, 'Mrs. Janet Toy II', 'Vitae et possimus autem qui deleniti sed nostrum vero. Cum cum voluptatem temporibus et quia. Eum voluptates impedit optio quidem eligendi dolor.', 5, '2021-04-12 07:26:11', '2021-04-12 07:26:11'),
(78, 43, 'Armani Lehner Jr.', 'Quo est eaque numquam et beatae provident. Et quia labore ipsam ut expedita id. Magni id dolor nesciunt quam voluptatem.', 1, '2021-04-12 07:26:11', '2021-04-12 07:26:11'),
(79, 72, 'Jessie Klein', 'Est commodi et exercitationem dolore. Quas consequatur explicabo harum iure velit doloribus magni. Esse omnis vel omnis quidem suscipit debitis.', 1, '2021-04-12 07:26:11', '2021-04-12 07:26:11'),
(80, 18, 'Dr. Johann Hackett DDS', 'Sed ex dolor in corrupti. Animi pariatur voluptatem facere. Sunt ut in rerum omnis sed consequatur blanditiis. Ab error qui qui deserunt.', 0, '2021-04-12 07:26:11', '2021-04-12 07:26:11'),
(81, 99, 'Edwardo Zulauf', 'Blanditiis expedita exercitationem tempore rem aspernatur. Debitis numquam non distinctio enim voluptatem facilis fugiat. Eos dicta rerum nobis consequatur aliquam quaerat.', 4, '2021-04-12 07:26:11', '2021-04-12 07:26:11'),
(82, 48, 'Arely Daniel DVM', 'Consequuntur voluptas doloribus aut perferendis dolores molestiae et quo. Qui nihil non sit.', 5, '2021-04-12 07:26:11', '2021-04-12 07:26:11'),
(83, 12, 'Dr. Jack Steuber Sr.', 'Illum rerum iure officiis non aut. Sapiente sunt iusto et voluptatibus fugiat qui. Quo qui quis ratione ab.', 3, '2021-04-12 07:26:11', '2021-04-12 07:26:11'),
(84, 72, 'Theodora Denesik V', 'Voluptatum mollitia voluptatem repellat maiores eum qui. Excepturi ut incidunt architecto non a est fugit quibusdam. Nemo eveniet similique explicabo architecto. Totam voluptatem aut veritatis ut iusto aut earum.', 0, '2021-04-12 07:26:11', '2021-04-12 07:26:11'),
(85, 29, 'Jacklyn Leffler', 'Est animi sed quo aut aliquid explicabo. Aut laudantium nostrum facilis temporibus iure culpa esse. Velit nisi accusantium porro alias nobis fuga dolores.', 3, '2021-04-12 07:26:11', '2021-04-12 07:26:11'),
(86, 76, 'Candido Bailey Sr.', 'Id aut expedita dolor nihil. Enim numquam dolorem ratione et. Ea aut ratione rerum omnis itaque. Beatae maxime reiciendis quam ullam.', 5, '2021-04-12 07:26:11', '2021-04-12 07:26:11'),
(87, 77, 'Austin O\'Keefe', 'Dolor eum architecto quisquam aut occaecati tempora odit. Laudantium ut ut iste rerum quis quis iste. Quis ut perferendis laudantium tempora et. Omnis temporibus nobis nisi.', 1, '2021-04-12 07:26:11', '2021-04-12 07:26:11'),
(88, 74, 'Miss Selena Reichel', 'Doloremque ut est delectus tempore sed at. Quis molestias expedita sed minima qui accusantium inventore. Pariatur quia voluptate suscipit.', 3, '2021-04-12 07:26:11', '2021-04-12 07:26:11'),
(89, 63, 'Lillie Goyette', 'Incidunt eaque velit adipisci repellat aut voluptas voluptatum. Placeat sed voluptatibus dolore ut quam quae. Quo ducimus consequatur nemo dicta modi.', 2, '2021-04-12 07:26:12', '2021-04-12 07:26:12'),
(90, 17, 'Dr. Delaney Williamson Jr.', 'Quas enim commodi sunt quas non autem deserunt harum. Libero nobis ipsum voluptas debitis. Omnis praesentium ipsam soluta itaque quas ea.', 3, '2021-04-12 07:26:12', '2021-04-12 07:26:12'),
(91, 98, 'Prof. Felipe Wunsch', 'Autem dolorem voluptate temporibus sint at provident. Nihil sapiente perferendis delectus omnis enim. Sed non quia veritatis eum. Delectus distinctio et quis perspiciatis repellat iusto sit.', 1, '2021-04-12 07:26:12', '2021-04-12 07:26:12'),
(92, 48, 'Ms. Meggie Larkin', 'Non aut ut non quam molestias aliquam. Hic repellendus nam necessitatibus sit recusandae. Et sed sit vero et. Reiciendis recusandae et consequuntur voluptas reiciendis accusamus.', 4, '2021-04-12 07:26:12', '2021-04-12 07:26:12'),
(93, 95, 'Justus Rowe', 'Consequatur libero magni sed nam. Nemo et a illum animi porro sint. Cum dicta est et possimus harum omnis. Nam ut amet in et accusantium quia vel.', 4, '2021-04-12 07:26:12', '2021-04-12 07:26:12'),
(94, 62, 'Lisa Brakus', 'Et ut quas eaque repudiandae exercitationem. Rerum quisquam voluptate doloremque esse ut reprehenderit optio ipsa. Non temporibus omnis ipsam eius distinctio facere similique.', 0, '2021-04-12 07:26:12', '2021-04-12 07:26:12'),
(95, 69, 'Mrs. Mallie Herman III', 'At exercitationem dicta et unde. Quia sed id quia assumenda vero. Fuga eveniet sint officiis ad expedita aut unde.', 3, '2021-04-12 07:26:12', '2021-04-12 07:26:12'),
(96, 74, 'Elnora Aufderhar DVM', 'Aliquam optio excepturi dolores eos. Voluptatem possimus delectus quo numquam magnam porro. Odio nam quis voluptatem doloremque ducimus cumque quia. Accusamus nihil voluptatem maiores eum sint quo fugit.', 0, '2021-04-12 07:26:12', '2021-04-12 07:26:12'),
(97, 30, 'Denis Rau', 'Sed dolor blanditiis delectus qui deserunt enim. Voluptate voluptatum maiores quis voluptatum nesciunt. Ad accusantium sit omnis ducimus unde et accusantium voluptates. Est maxime a corporis id autem consequatur officia.', 1, '2021-04-12 07:26:12', '2021-04-12 07:26:12'),
(98, 40, 'Prof. Easton Zemlak', 'Sed vel a cum sapiente. Consequuntur ipsum sed est minima. Ullam porro nesciunt hic dolor ad qui ut. Aut aut voluptates temporibus adipisci voluptatem quia architecto.', 3, '2021-04-12 07:26:12', '2021-04-12 07:26:12'),
(99, 27, 'Dr. Wilfredo Heathcote', 'Et aperiam fugiat accusamus omnis doloremque enim. Molestiae ut aliquid et ut. Quia omnis sit aut molestiae est.', 1, '2021-04-12 07:26:12', '2021-04-12 07:26:12'),
(100, 89, 'Tabitha Kertzmann', 'Totam eveniet id totam quaerat a. Quod eum quisquam omnis quisquam quidem.', 5, '2021-04-12 07:26:12', '2021-04-12 07:26:12'),
(101, 23, 'Kari Raynor', 'Et natus labore ad quis aut. Sunt dolor dignissimos consectetur illum eum consequatur corporis. Eligendi numquam molestiae quia necessitatibus quia. Quos voluptatibus impedit autem perspiciatis sed cum. Quisquam facilis eum rerum laborum adipisci eaque.', 0, '2021-04-12 07:26:12', '2021-04-12 07:26:12'),
(102, 92, 'Erica Erdman', 'Est quam occaecati doloremque nihil in consequatur aliquid molestiae. Sit quo tenetur hic ut error. Animi minus fugiat tenetur excepturi.', 1, '2021-04-12 07:26:12', '2021-04-12 07:26:12'),
(103, 14, 'Verlie Jacobs', 'Quod incidunt minus ad laboriosam omnis. Sit dicta facere aliquid ratione. Et soluta ut id. Et quo et aliquid in voluptas et et.', 2, '2021-04-12 07:26:12', '2021-04-12 07:26:12'),
(104, 43, 'Dixie Mueller', 'Doloribus quia quisquam pariatur. Soluta aut modi a aspernatur dignissimos rerum esse.', 3, '2021-04-12 07:26:12', '2021-04-12 07:26:12'),
(105, 9, 'Mr. Rocio Roob', 'Accusamus dicta suscipit placeat omnis autem magnam non. Maiores distinctio aut qui et doloremque. Aut ipsum consequatur quia quia sint fugit voluptatem.', 0, '2021-04-12 07:26:12', '2021-04-12 07:26:12'),
(106, 25, 'Vivian Bashirian DVM', 'Sunt veniam reprehenderit cupiditate architecto aut corporis provident. Incidunt reprehenderit quo ratione cum ut culpa. Distinctio numquam porro iste nostrum error non dolorem. Tempore ut incidunt ad vel similique.', 4, '2021-04-12 07:26:12', '2021-04-12 07:26:12'),
(107, 8, 'Gino Jacobs', 'Minus quaerat distinctio eaque quis quis. Assumenda repudiandae odit magnam et. Impedit quia dolorem tenetur nulla minima. Ex sapiente non corporis suscipit.', 2, '2021-04-12 07:26:12', '2021-04-12 07:26:12'),
(108, 63, 'Dr. Jonathan McDermott V', 'Possimus tempore aliquam tempore a culpa. Veritatis quam aut dicta impedit quam excepturi praesentium. Quisquam nihil est rerum ducimus consectetur.', 4, '2021-04-12 07:26:12', '2021-04-12 07:26:12'),
(109, 6, 'Jalon Haley', 'Vero maiores quis suscipit odio consequatur repellendus voluptates. Harum est dolores sunt omnis eaque sed inventore. Molestias dolorem cum officiis quibusdam dolorem est ad voluptatem. Laudantium animi velit mollitia sed aut accusamus architecto.', 2, '2021-04-12 07:26:12', '2021-04-12 07:26:12'),
(110, 15, 'Jeremy Lind V', 'Sapiente vitae veniam omnis dolore ut suscipit. Sunt nulla eos et nobis sed. Voluptas fugit sed minima. Cum aspernatur suscipit sunt accusamus quidem.', 1, '2021-04-12 07:26:12', '2021-04-12 07:26:12'),
(111, 62, 'Wilfrid Hudson', 'Molestiae quisquam eveniet earum officia quod vel in. Sit voluptatem non dolor sit voluptas fugit officiis non. Quasi et aut repellendus ea id in animi. Eum qui iste sit possimus.', 2, '2021-04-12 07:26:12', '2021-04-12 07:26:12'),
(112, 73, 'Adella Stamm', 'Et quam consectetur adipisci corrupti perspiciatis exercitationem. Odio recusandae neque autem. Dignissimos et voluptatibus accusantium earum et atque. Reiciendis dolor nostrum quos aut ab labore atque.', 5, '2021-04-12 07:26:12', '2021-04-12 07:26:12'),
(113, 75, 'Michale Schiller II', 'Sint aut aut est et. Quasi voluptatibus atque eius totam quidem fugiat excepturi. Esse totam maxime modi sunt vel. Dolor quia voluptas et quaerat.', 0, '2021-04-12 07:26:12', '2021-04-12 07:26:12'),
(114, 36, 'Mr. Darren Christiansen', 'Sunt laudantium laboriosam asperiores repellat suscipit maiores. Perferendis rerum iure dolorem enim voluptate. Corporis nihil expedita ut aut. Error quo eveniet magnam consequatur hic quia. Dolor corrupti eos voluptates voluptatem.', 5, '2021-04-12 07:26:12', '2021-04-12 07:26:12'),
(115, 8, 'Fredrick Zboncak', 'Placeat delectus consequatur unde qui iure omnis ut. Et officia consectetur nam quisquam laboriosam rerum quia. Eos eaque rerum provident repudiandae et eum beatae.', 5, '2021-04-12 07:26:12', '2021-04-12 07:26:12'),
(116, 1, 'Hettie Gislason', 'Dolores eius consequatur dolor perferendis distinctio sed ex. Dolorem dolorem ea ut placeat est incidunt neque. Aut aut dolorem reprehenderit vero natus qui quod. Provident delectus dolores nobis qui velit est alias.', 4, '2021-04-12 07:26:12', '2021-04-12 07:26:12'),
(117, 90, 'Alexandre Harvey', 'Aut quia sit voluptatum tempore. Iusto ut doloremque voluptatem deleniti et maxime qui ipsum. Expedita adipisci vero qui qui. Dignissimos expedita et et quibusdam dolor fugiat.', 3, '2021-04-12 07:26:12', '2021-04-12 07:26:12'),
(118, 12, 'Uriah Jaskolski I', 'Qui alias autem quis aperiam ea fugiat. Sed rerum voluptatibus aut omnis omnis. In voluptatibus rerum sit occaecati. Ut alias quo repellendus harum.', 3, '2021-04-12 07:26:12', '2021-04-12 07:26:12'),
(119, 2, 'Zion Champlin', 'Nihil repellat distinctio deleniti consequatur saepe vero et delectus. Quia vel explicabo qui mollitia. Perferendis voluptatem quas et. Aut facere laboriosam ipsum ea dicta nobis sed. Neque quos vel corporis sunt fugiat.', 2, '2021-04-12 07:26:12', '2021-04-12 07:26:12'),
(120, 80, 'Gia Hayes', 'Qui quisquam sint maxime modi. Sit quia nemo magnam commodi sit eveniet. Accusamus laboriosam distinctio aliquam est occaecati assumenda.', 2, '2021-04-12 07:26:13', '2021-04-12 07:26:13'),
(121, 1, 'Prof. Ozella Raynor V', 'Ut fuga tempora qui. Labore ratione alias inventore sit. At et molestiae laboriosam occaecati ducimus.', 1, '2021-04-12 07:26:13', '2021-04-12 07:26:13'),
(122, 66, 'Mrs. Bernadette Waelchi Jr.', 'Expedita in ut deleniti et. Odio qui non ducimus voluptatem accusantium delectus.', 3, '2021-04-12 07:26:13', '2021-04-12 07:26:13'),
(123, 30, 'Miss Myah Swaniawski', 'Necessitatibus doloribus eaque ut sed quaerat qui. Repudiandae odio iusto et similique veniam voluptatibus ut. Quae voluptatibus sequi earum doloribus dolorum.', 5, '2021-04-12 07:26:13', '2021-04-12 07:26:13'),
(124, 62, 'Prof. Elisa Hayes', 'Ad veniam placeat tenetur consequuntur ut nihil hic. Totam autem sunt earum voluptas id unde. Velit autem ipsum ut tempora ullam laborum. Enim voluptatem nesciunt blanditiis modi.', 0, '2021-04-12 07:26:13', '2021-04-12 07:26:13'),
(125, 86, 'Shanny Stroman Jr.', 'Beatae eos repudiandae ut quia. Et repellendus consequuntur quasi in aut.', 2, '2021-04-12 07:26:13', '2021-04-12 07:26:13'),
(126, 39, 'Freeman Fahey', 'Molestiae rerum sit corporis et atque et placeat. Consequatur eum voluptatem maiores ea dolorem maiores est animi. Nobis earum dolorum aliquid aliquid commodi excepturi rem.', 1, '2021-04-12 07:26:13', '2021-04-12 07:26:13'),
(127, 51, 'Kiel Bergnaum', 'Dolores illum qui et unde. Dignissimos enim est aliquam occaecati officia est et. Laboriosam commodi asperiores distinctio dolor.', 2, '2021-04-12 07:26:13', '2021-04-12 07:26:13'),
(128, 95, 'Karine Konopelski', 'Dolor ex et maiores doloribus omnis. At vel occaecati iste voluptatem accusamus ut. Facere nobis nam a autem et est.', 3, '2021-04-12 07:26:13', '2021-04-12 07:26:13'),
(129, 50, 'Mrs. Cathy Reichel', 'Autem harum minus corrupti consequatur tempore autem. Dolore sunt autem sunt dolorum voluptatem et voluptatem fugit. Vel quia et quaerat et repellendus. Nobis enim nemo possimus nesciunt excepturi.', 1, '2021-04-12 07:26:13', '2021-04-12 07:26:13'),
(130, 87, 'Lucious Wintheiser', 'Debitis voluptas eum rerum. Rerum sunt qui illum exercitationem doloribus exercitationem expedita. Aperiam labore sit excepturi blanditiis voluptatum praesentium et sit. Quia natus enim inventore facilis. Dolores reprehenderit eum distinctio eum deserunt nihil quis.', 4, '2021-04-12 07:26:13', '2021-04-12 07:26:13'),
(131, 73, 'Ms. Belle Hoeger', 'Voluptatem magnam quasi non minima voluptatem. Praesentium delectus ducimus qui pariatur. Deserunt dolorem sit velit eius maiores inventore.', 4, '2021-04-12 07:26:13', '2021-04-12 07:26:13'),
(132, 97, 'Benjamin Lowe', 'A neque et voluptatibus voluptatem. Nisi sunt debitis et. Sunt quidem incidunt nihil quia deleniti alias ea. Aperiam odio cumque aliquid iure nihil deserunt placeat est.', 3, '2021-04-12 07:26:13', '2021-04-12 07:26:13'),
(133, 8, 'Jamison Ziemann', 'Ipsa dolorum aut temporibus voluptatem voluptatibus officiis. Amet officiis qui repellat illum magni ex. Eaque voluptates asperiores qui veritatis dolor.', 3, '2021-04-12 07:26:13', '2021-04-12 07:26:13'),
(134, 22, 'Hallie Fisher MD', 'Sed quos temporibus dolores. Rerum consectetur voluptatem repellat blanditiis vero qui dolorem. Quia cupiditate odit labore voluptatem.', 2, '2021-04-12 07:26:13', '2021-04-12 07:26:13'),
(135, 10, 'Willa Hand', 'Vel reiciendis beatae repellat omnis. Nobis velit eos eaque repudiandae sit omnis qui. Dignissimos molestiae aut aspernatur recusandae est assumenda. Vel qui et eaque est praesentium incidunt cupiditate.', 5, '2021-04-12 07:26:14', '2021-04-12 07:26:14'),
(136, 18, 'Tomasa Witting', 'Recusandae quisquam mollitia ipsa et et occaecati. Ullam enim omnis explicabo et officiis vero rerum consequuntur. Ut doloribus aut et nesciunt laudantium assumenda. Illum blanditiis hic reprehenderit temporibus.', 0, '2021-04-12 07:26:14', '2021-04-12 07:26:14'),
(137, 25, 'Prof. Dejuan Brekke', 'Quia voluptas cupiditate debitis consectetur non. Sapiente itaque labore magnam atque. Fugit impedit vel rerum rerum veniam voluptates.', 1, '2021-04-12 07:26:14', '2021-04-12 07:26:14'),
(138, 9, 'Mrs. Trinity Kuhlman I', 'Earum doloremque illum non ex. Ea quis numquam quis cumque iure earum est quasi.', 5, '2021-04-12 07:26:14', '2021-04-12 07:26:14'),
(139, 10, 'Prof. Arvel Quigley MD', 'Aut est et expedita error et blanditiis. Voluptatem sunt fuga maiores quas id ipsum. Saepe et dolores quisquam et debitis quia voluptas. Rerum veritatis et architecto rem qui omnis mollitia.', 4, '2021-04-12 07:26:14', '2021-04-12 07:26:14'),
(140, 26, 'Sabrina Reichert', 'Eaque rerum autem assumenda dolorum fugiat molestias sint. Cum voluptatem iusto cupiditate reiciendis. Laudantium in at ex sed voluptas dolorem. In eos amet fuga reiciendis modi vel sed.', 3, '2021-04-12 07:26:14', '2021-04-12 07:26:14'),
(141, 69, 'Hadley Schneider V', 'Repudiandae laborum quibusdam aperiam architecto. Debitis quam quos voluptates atque. Architecto aliquid explicabo et consequatur cumque nostrum dolor. Laborum itaque sit est blanditiis.', 5, '2021-04-12 07:26:14', '2021-04-12 07:26:14'),
(142, 77, 'Nicole Yost', 'Dolorem expedita ducimus laborum earum est. Qui reprehenderit et eius ipsa quasi.', 5, '2021-04-12 07:26:14', '2021-04-12 07:26:14'),
(143, 33, 'Baby Padberg', 'Esse magnam nobis ratione ipsum id dolore. Perspiciatis qui et vitae quos voluptatem inventore. Eligendi impedit est illo. Et numquam modi odio magni consequuntur vero.', 0, '2021-04-12 07:26:14', '2021-04-12 07:26:14'),
(144, 78, 'Prof. Sheridan Goldner PhD', 'Et et voluptatem odio perspiciatis sunt facilis odit. Recusandae ipsa dolor officia quasi natus et in tempora. Et omnis repudiandae error facilis est. Laboriosam odit consectetur adipisci eaque dolorum aspernatur quia quia. Quas quo iure voluptas praesentium.', 4, '2021-04-12 07:26:14', '2021-04-12 07:26:14'),
(145, 83, 'Eladio Sanford', 'Aut autem dolorem commodi repellendus sint impedit. Dolor non aut qui voluptas deserunt quisquam. Et necessitatibus ratione non et velit voluptate suscipit.', 5, '2021-04-12 07:26:14', '2021-04-12 07:26:14'),
(146, 74, 'Laury Wisozk', 'Deleniti impedit facilis fugit voluptatem incidunt et aliquam. Ducimus est sequi rem repellat et quo vel. Tempora sed tempore sint dolor. Consequatur animi illum voluptatibus praesentium sunt saepe.', 1, '2021-04-12 07:26:14', '2021-04-12 07:26:14'),
(147, 91, 'Jon Macejkovic', 'Qui eum qui quia dolorem ipsa saepe dolor. Fuga fuga earum quasi nostrum sed. Consequatur est qui debitis aut similique. Rerum et perferendis illo eius et aut.', 3, '2021-04-12 07:26:14', '2021-04-12 07:26:14'),
(148, 25, 'Jonathan Wuckert', 'Eaque unde fugit quas cumque officia. Ut voluptatibus consequatur deserunt voluptates dolorum aspernatur. Molestias voluptatem cum reprehenderit architecto aut. Sequi excepturi possimus quidem earum.', 4, '2021-04-12 07:26:14', '2021-04-12 07:26:14'),
(149, 60, 'Kathryne McGlynn', 'Necessitatibus eaque blanditiis qui. Voluptate dolor repellat quaerat nihil. Voluptas eaque eius sed. Ea esse at provident quo consequuntur ea.', 0, '2021-04-12 07:26:14', '2021-04-12 07:26:14'),
(150, 49, 'Ms. Keira Grady Jr.', 'Necessitatibus provident ducimus quia quis. Et voluptatum quaerat saepe nesciunt quam. A nostrum iure cum est totam recusandae ratione laboriosam. Corrupti et adipisci ratione molestiae aut.', 3, '2021-04-12 07:26:14', '2021-04-12 07:26:14'),
(151, 83, 'Merle Predovic', 'Aut adipisci quis sed accusantium et tempore doloribus. Ut minima eligendi est modi at quos sapiente. Molestiae voluptas atque quo voluptatum. Possimus dicta est sed fugiat dolorem qui doloremque.', 0, '2021-04-12 07:26:14', '2021-04-12 07:26:14'),
(152, 36, 'Whitney Krajcik', 'Animi voluptate dolorem iusto. Et et atque amet quia non. Cupiditate a ea distinctio nemo nostrum et illo iusto.', 4, '2021-04-12 07:26:14', '2021-04-12 07:26:14'),
(153, 7, 'Dr. Constance D\'Amore', 'Occaecati et neque ipsum et ea illo. Saepe cumque est consequatur magni est quod. Ad et vel hic hic iure. Vel non aspernatur sint sint.', 5, '2021-04-12 07:26:14', '2021-04-12 07:26:14'),
(154, 56, 'Selmer Gorczany', 'Autem quis ex autem ullam. Quo quidem quasi ipsam voluptas. Inventore provident consequatur ullam consectetur quos vero.', 5, '2021-04-12 07:26:14', '2021-04-12 07:26:14'),
(155, 56, 'Mrs. Aimee Rath III', 'Rerum temporibus a cum iste nisi. Neque cupiditate suscipit eum exercitationem.', 1, '2021-04-12 07:26:14', '2021-04-12 07:26:14'),
(156, 56, 'Prof. Reggie Schowalter', 'Nihil aut et magnam. Aliquid qui soluta illum quibusdam et. Non provident quod sed eaque quaerat aut qui.', 4, '2021-04-12 07:26:14', '2021-04-12 07:26:14'),
(157, 44, 'Reta Balistreri', 'Accusantium architecto voluptatem et dolorum corporis. Voluptatem quasi quis dignissimos nam asperiores adipisci quidem. Corrupti ratione qui voluptatibus amet consequatur velit.', 4, '2021-04-12 07:26:14', '2021-04-12 07:26:14'),
(158, 1, 'Prof. Rupert Dickinson II', 'Dolorem voluptatem voluptatem suscipit enim. Maxime eos quos ratione molestiae eveniet magni libero. Et mollitia sunt laudantium voluptatum voluptatem.', 1, '2021-04-12 07:26:14', '2021-04-12 07:26:14'),
(159, 68, 'Jarvis Stracke DVM', 'Omnis accusamus dolore et voluptas. Rem et voluptates voluptas natus dignissimos assumenda reiciendis. Harum architecto saepe aut ducimus.', 4, '2021-04-12 07:26:14', '2021-04-12 07:26:14'),
(160, 52, 'Coralie Schoen', 'Dolore et ipsa recusandae sunt qui et voluptates. Quia ipsam ut sequi. Eius voluptas commodi nobis aut dignissimos. Aut vel quia aperiam quia nobis totam.', 4, '2021-04-12 07:26:14', '2021-04-12 07:26:14'),
(161, 1, 'Destinee Wuckert', 'Optio numquam dolorem quia eos velit porro. Sed sit sunt molestiae. Veniam sunt minus debitis consequuntur sit placeat est.', 5, '2021-04-12 07:26:15', '2021-04-12 07:26:15'),
(162, 19, 'Miss Kristina Schoen III', 'Ut dolorem est ut cumque aut. Et sequi perspiciatis asperiores et ut aut. Laudantium distinctio sint dolorum doloribus.', 4, '2021-04-12 07:26:15', '2021-04-12 07:26:15'),
(163, 1, 'Miss Heaven Medhurst', 'Quia officiis velit aliquid voluptas voluptatem consequatur quo. Itaque voluptas non qui tempora provident. Reiciendis alias sit dolor qui. Cupiditate dolores dolorum dolor eligendi eum.', 3, '2021-04-12 07:26:15', '2021-04-12 07:26:15'),
(164, 30, 'Prof. Kristoffer Beahan', 'Est a quia eaque. Exercitationem neque tempora magnam a. Iste quia eius error atque porro. Voluptas et eum eligendi maiores.', 1, '2021-04-12 07:26:15', '2021-04-12 07:26:15'),
(165, 48, 'Eddie Blick', 'Dolores cupiditate repellat ut voluptatem corrupti. Sunt possimus nam magnam. Eligendi reprehenderit id veniam consequuntur ullam distinctio.', 4, '2021-04-12 07:26:15', '2021-04-12 07:26:15'),
(166, 39, 'Stanford Fritsch', 'Eligendi ad eaque inventore quae velit eius itaque. Qui quaerat atque sit aut non at ratione. Voluptatum qui aut qui quia iusto fugiat.', 2, '2021-04-12 07:26:15', '2021-04-12 07:26:15'),
(167, 72, 'Consuelo Johnson', 'Natus sequi praesentium dolorem quis sed. In unde eum ut sed quod. Deserunt velit et velit sapiente perferendis.', 5, '2021-04-12 07:26:15', '2021-04-12 07:26:15'),
(168, 83, 'Dr. Albertha Luettgen', 'Dolorem molestiae sit hic reprehenderit. Qui vel illum voluptatem unde minima et. Qui neque qui est aut.', 3, '2021-04-12 07:26:15', '2021-04-12 07:26:15'),
(169, 61, 'Austen Glover', 'Voluptatum fugiat aut autem deleniti dolor voluptas. Minima quod assumenda est amet praesentium cumque. Voluptatem at reiciendis rem quia accusantium ut et. Et delectus possimus quia dignissimos nihil reprehenderit libero illum.', 5, '2021-04-12 07:26:15', '2021-04-12 07:26:15'),
(170, 82, 'Amos Mann', 'Ullam voluptates occaecati maxime ea quod. Tempore odio est aut sit reiciendis. Provident aperiam tempore laborum temporibus exercitationem sunt. Totam illo magnam consequuntur autem.', 2, '2021-04-12 07:26:15', '2021-04-12 07:26:15'),
(171, 99, 'Mr. Kristoffer Jakubowski', 'Voluptatem neque omnis laborum debitis. Molestiae aliquam atque sapiente quia debitis dolores est. Soluta itaque delectus reiciendis est. Nemo accusantium voluptas iste eum atque nobis totam et.', 3, '2021-04-12 07:26:15', '2021-04-12 07:26:15'),
(172, 46, 'Giuseppe Wuckert', 'Qui optio earum qui voluptas voluptate et. Beatae sit veritatis qui corrupti. Enim ut ullam quis vel molestias distinctio explicabo.', 0, '2021-04-12 07:26:15', '2021-04-12 07:26:15'),
(173, 4, 'Dr. Wallace Trantow', 'Ad labore repellendus autem debitis id corrupti. Ad voluptatem doloremque aut totam quis. Est qui cupiditate iusto soluta quo. Qui quis laboriosam reiciendis dolores.', 5, '2021-04-12 07:26:15', '2021-04-12 07:26:15'),
(174, 33, 'Queen Wiegand', 'Eos facere earum et perspiciatis odit ipsam. Eveniet totam ut vero accusamus itaque. Maiores enim possimus voluptatem deserunt.', 5, '2021-04-12 07:26:15', '2021-04-12 07:26:15'),
(175, 44, 'Miss Aimee McKenzie III', 'Quia velit et quos ullam natus eum. Voluptatem voluptate cum provident quas et dolor eaque hic. Aperiam ipsa libero ratione id explicabo. Provident numquam perspiciatis corrupti ducimus autem minima.', 4, '2021-04-12 07:26:15', '2021-04-12 07:26:15'),
(176, 76, 'Ernie Nienow DVM', 'Minus consequatur perspiciatis et et sed officiis. Vero neque ab et commodi enim in labore. Et qui fugit eveniet reprehenderit dolor aliquam saepe.', 1, '2021-04-12 07:26:15', '2021-04-12 07:26:15'),
(177, 19, 'Jayden Rolfson', 'Qui temporibus earum cumque ipsa itaque. Culpa rerum porro iste cum. Facere et omnis magni impedit totam.', 3, '2021-04-12 07:26:15', '2021-04-12 07:26:15'),
(178, 96, 'Luther Jenkins MD', 'Optio et consequatur cupiditate ab veritatis. Eos hic sapiente voluptates. Perferendis porro quasi reprehenderit repellat vel quia labore. Doloribus voluptatem aut sapiente.', 5, '2021-04-12 07:26:15', '2021-04-12 07:26:15'),
(179, 61, 'Ursula Windler', 'Accusantium aut quas aut fugit. Culpa ut voluptatem ea consequatur voluptates impedit rem. Mollitia nemo ipsa quidem voluptates beatae velit ut.', 1, '2021-04-12 07:26:15', '2021-04-12 07:26:15'),
(180, 92, 'Lucy Treutel Sr.', 'Provident labore numquam quo et inventore consequatur et. Aut voluptatum similique adipisci.', 2, '2021-04-12 07:26:15', '2021-04-12 07:26:15'),
(181, 55, 'Millie Bailey', 'Consequatur voluptate et tempora aut et. Eum dolorem veniam autem voluptatem nihil rerum. Ut consequatur quam eaque natus doloribus et. Et voluptatem quia ducimus quasi exercitationem dolor beatae dolores.', 3, '2021-04-12 07:26:15', '2021-04-12 07:26:15'),
(182, 59, 'Hilda Ziemann', 'Officiis voluptatum qui rerum totam veritatis consectetur optio est. Et ipsam minus molestiae voluptatem autem rerum. Ea eius qui quisquam provident error quaerat incidunt dolores.', 3, '2021-04-12 07:26:15', '2021-04-12 07:26:15'),
(183, 92, 'Prof. Erik Jones', 'Corporis repellat non explicabo saepe ad est sed. Autem ut et nostrum neque expedita. Delectus voluptatibus dolores quia at. Sit libero earum quia quam.', 3, '2021-04-12 07:26:15', '2021-04-12 07:26:15'),
(184, 77, 'Jovanny Cormier', 'Ut hic tenetur sequi quod minus. Explicabo natus officiis id labore. Deleniti et iste recusandae hic.', 3, '2021-04-12 07:26:15', '2021-04-12 07:26:15'),
(185, 78, 'Mikel Cassin', 'Molestiae atque aliquid sit id sed amet. Voluptatem adipisci itaque quam atque vel perferendis tempora repellendus. Excepturi ut possimus tempore.', 0, '2021-04-12 07:26:15', '2021-04-12 07:26:15'),
(186, 49, 'Dr. Giovani Hauck', 'Quia ut non illum qui harum. Dolore labore alias voluptate quos sed. Dicta ad hic quo quisquam commodi nobis explicabo voluptatum.', 0, '2021-04-12 07:26:15', '2021-04-12 07:26:15'),
(187, 78, 'Elias Schulist', 'Corporis sit sint rem et doloribus repudiandae placeat in. Voluptatem ut voluptate commodi ea. Mollitia temporibus aut ut modi distinctio aliquam voluptatibus nesciunt.', 3, '2021-04-12 07:26:15', '2021-04-12 07:26:15'),
(188, 69, 'Lauryn Wyman', 'Sed omnis corrupti doloremque qui sit. Eveniet nulla laudantium saepe ratione pariatur. Architecto nihil corrupti rerum.', 5, '2021-04-12 07:26:15', '2021-04-12 07:26:15'),
(189, 31, 'Guillermo Towne II', 'Omnis suscipit aliquam blanditiis soluta id dolore. Accusantium tempore asperiores veniam ut. Voluptas in assumenda dignissimos qui totam tempore sunt.', 5, '2021-04-12 07:26:15', '2021-04-12 07:26:15'),
(190, 61, 'Jamal Okuneva', 'Sed ut et soluta repellendus. Earum omnis aut deserunt quaerat aut modi. Distinctio natus voluptatem tempore cum officiis. Quod quia adipisci nemo delectus.', 0, '2021-04-12 07:26:16', '2021-04-12 07:26:16'),
(191, 5, 'Brian Schultz', 'Molestias dolorem voluptas molestiae iusto sapiente harum nulla. Id enim harum eum et consequatur. Unde pariatur qui eum omnis minus veritatis.', 5, '2021-04-12 07:26:16', '2021-04-12 07:26:16'),
(192, 53, 'Caterina Tromp', 'Nesciunt vel harum commodi est animi possimus. Delectus aut corrupti tenetur et.', 3, '2021-04-12 07:26:16', '2021-04-12 07:26:16'),
(193, 23, 'Mr. Armani Becker', 'Consequatur qui recusandae ducimus praesentium ipsum ut reprehenderit. Dolorum qui ex blanditiis. Non molestiae non ut ut voluptatibus ut accusantium distinctio. Praesentium ullam molestias similique earum. Et nulla adipisci maxime.', 2, '2021-04-12 07:26:16', '2021-04-12 07:26:16'),
(194, 70, 'Jayme Ratke', 'Aut veniam laborum unde at. Possimus ut quasi omnis tenetur dolorem. Nam esse laboriosam fuga earum voluptates dolorum.', 3, '2021-04-12 07:26:16', '2021-04-12 07:26:16'),
(195, 30, 'Milan Murazik', 'Amet et officia itaque deleniti molestiae cum voluptatem aut. Cumque eos corrupti eos. Corporis necessitatibus velit dolorem assumenda eligendi aliquid aliquid quas.', 4, '2021-04-12 07:26:16', '2021-04-12 07:26:16'),
(196, 63, 'Bill Willms', 'Nobis amet amet numquam ut cum sint ut. Facilis libero deleniti voluptate aut sunt consectetur. Quo at dolor ipsa debitis unde consequatur in.', 4, '2021-04-12 07:26:16', '2021-04-12 07:26:16'),
(197, 40, 'Gwen Quigley', 'Perferendis velit expedita reiciendis. Quia architecto ut deserunt occaecati quia voluptatem magni autem. Et provident aut et omnis ut. Enim enim eius quod facilis dolor eius omnis.', 1, '2021-04-12 07:26:16', '2021-04-12 07:26:16'),
(198, 89, 'Richard Langworth', 'Fugit blanditiis et necessitatibus quo. Ab tempora minima nisi sint quia nisi magni. Ea mollitia reprehenderit optio quisquam.', 4, '2021-04-12 07:26:16', '2021-04-12 07:26:16'),
(199, 46, 'Vivienne Moen', 'Saepe blanditiis non qui omnis dolor. Ab animi explicabo molestiae quaerat et voluptates. Doloremque dolor quibusdam voluptatem sunt.', 4, '2021-04-12 07:26:16', '2021-04-12 07:26:16'),
(200, 95, 'Mrs. Heather Keebler', 'Et optio dolores odit. Atque autem necessitatibus expedita rem omnis. Rem sunt ut deserunt voluptatem.', 2, '2021-04-12 07:26:16', '2021-04-12 07:26:16'),
(201, 46, 'Prof. Nicholas Torp', 'Eveniet et qui vero eaque incidunt blanditiis porro beatae. Aut deserunt labore provident qui tenetur ipsa.', 0, '2021-04-12 07:26:16', '2021-04-12 07:26:16'),
(202, 16, 'Hardy Crona', 'Laborum enim omnis perferendis magni et totam. Ad rerum hic quia asperiores quia cumque. Sit laborum iure et doloribus.', 3, '2021-04-12 07:26:16', '2021-04-12 07:26:16'),
(203, 65, 'Terry Bahringer', 'Dolor cum non perferendis quis. Sapiente explicabo illo quibusdam vel deleniti. Omnis sed ea est eaque quo. Et placeat est corrupti odit culpa.', 3, '2021-04-12 07:26:16', '2021-04-12 07:26:16'),
(204, 69, 'Nigel Mohr', 'Exercitationem a et facere et. Quasi ea ut ut est in et inventore.', 0, '2021-04-12 07:26:16', '2021-04-12 07:26:16'),
(205, 82, 'Alex Stoltenberg', 'Ut fugit aliquam doloribus reiciendis fugiat amet tempore consequatur. Perferendis eos suscipit ipsam pariatur distinctio. Repellendus aut culpa sunt sit. Veniam voluptatibus ea autem voluptate temporibus harum iusto culpa.', 0, '2021-04-12 07:26:16', '2021-04-12 07:26:16'),
(206, 75, 'Javier Feil', 'Non ab repudiandae facere quo. Voluptas ea sint at dolor in. Vero aut eligendi sequi voluptate adipisci praesentium.', 3, '2021-04-12 07:26:16', '2021-04-12 07:26:16'),
(207, 35, 'Dr. Clay Stiedemann', 'Expedita alias dolorum ea nemo nisi similique veniam. Rerum magnam non est quia. Nulla officia nihil repellendus dolorem.', 2, '2021-04-12 07:26:16', '2021-04-12 07:26:16'),
(208, 33, 'Lurline Prohaska', 'Ex voluptas beatae nihil autem eaque. Nesciunt autem cumque praesentium quisquam libero aperiam hic. Vel est dolor velit odit.', 2, '2021-04-12 07:26:16', '2021-04-12 07:26:16'),
(209, 99, 'Lonie Baumbach', 'Explicabo voluptate enim sunt perspiciatis. Commodi ipsam distinctio sed possimus velit. Est sed maxime illum incidunt aliquam ut.', 1, '2021-04-12 07:26:16', '2021-04-12 07:26:16'),
(210, 71, 'Fermin Steuber', 'Vero corporis ipsam veniam repellendus numquam eaque. Ea quis molestias aut aut. Qui id autem placeat ut.', 3, '2021-04-12 07:26:16', '2021-04-12 07:26:16');
INSERT INTO `reviews` (`id`, `product_id`, `customer`, `review`, `star`, `created_at`, `updated_at`) VALUES
(211, 79, 'Nestor Corwin', 'Voluptate iure fugit quasi sunt sed commodi saepe. Rem laborum cum similique facilis adipisci minima ut. Iste debitis odio eos aliquam dolores aut praesentium.', 3, '2021-04-12 07:26:16', '2021-04-12 07:26:16'),
(212, 21, 'Mandy Harris', 'Quibusdam expedita mollitia natus repellat et. Qui officia nobis eum quo aut. Cumque vero corporis veritatis asperiores id numquam. Laboriosam aperiam iusto porro hic magni voluptatibus quia.', 5, '2021-04-12 07:26:16', '2021-04-12 07:26:16'),
(213, 27, 'Miss Delia Dibbert', 'Sint voluptatibus molestiae culpa qui placeat similique aut aliquid. Ut et voluptas quia voluptatem nihil animi. Voluptatem quasi nam dolorem iure nobis. Ratione nemo voluptatem laboriosam voluptates et.', 5, '2021-04-12 07:26:16', '2021-04-12 07:26:16'),
(214, 64, 'Brendon Cummings MD', 'Quibusdam sapiente aut numquam est neque mollitia. Nostrum aut accusamus libero aspernatur error similique dicta. Cumque et omnis quibusdam.', 3, '2021-04-12 07:26:16', '2021-04-12 07:26:16'),
(215, 22, 'Joyce Beatty', 'Error corporis distinctio id dolor ut explicabo architecto. Debitis sed velit alias voluptates.', 2, '2021-04-12 07:26:16', '2021-04-12 07:26:16'),
(216, 39, 'Erin Lueilwitz', 'Ut ratione laudantium tempora sed velit aliquam aut exercitationem. Quibusdam consequatur eius sit aut.', 0, '2021-04-12 07:26:16', '2021-04-12 07:26:16'),
(217, 80, 'Mollie Pacocha', 'Quia ipsum dignissimos voluptatem mollitia qui explicabo excepturi. Laboriosam iure et vero ut dolore placeat. Sapiente consectetur esse maxime tenetur illum voluptatem recusandae enim.', 3, '2021-04-12 07:26:16', '2021-04-12 07:26:16'),
(218, 25, 'Carolina Wilkinson', 'Itaque est sapiente maxime et ab ut dolores. Quo impedit error dignissimos impedit. Qui et nulla voluptatem deserunt.', 5, '2021-04-12 07:26:16', '2021-04-12 07:26:16'),
(219, 61, 'Ms. Gia Stark', 'Quis autem ad aut quo pariatur. Aut autem cumque et voluptatem. Quam culpa doloribus est dolorum laboriosam occaecati.', 2, '2021-04-12 07:26:16', '2021-04-12 07:26:16'),
(220, 77, 'Dr. Cade Ward DDS', 'Sit voluptas molestiae sunt voluptatem. Repudiandae cum sequi facere rem et inventore voluptatibus. Qui sit delectus exercitationem id cupiditate autem eligendi.', 0, '2021-04-12 07:26:16', '2021-04-12 07:26:16'),
(221, 25, 'Isabelle Brekke MD', 'Eveniet voluptatem aperiam voluptas consequatur fugiat vel. Eum recusandae assumenda cum nemo. Officiis reprehenderit eveniet a explicabo doloribus et. Et voluptas commodi sed numquam nisi aspernatur. Impedit quos est porro eum quam tempora nemo nemo.', 3, '2021-04-12 07:26:16', '2021-04-12 07:26:16'),
(222, 65, 'Glenda Shields III', 'Et iure quibusdam impedit delectus. Quasi amet eaque tempore eius in id. Enim ducimus nihil velit iste qui id.', 5, '2021-04-12 07:26:16', '2021-04-12 07:26:16'),
(223, 78, 'Darrin Fritsch V', 'Corrupti blanditiis nulla dolorum tempora. Voluptatibus est aut officia velit earum autem numquam. Voluptatem quaerat nam molestiae soluta molestiae consequatur porro. Deserunt accusantium recusandae non culpa et. Harum aut est rem dolorem repellat sit ab qui.', 1, '2021-04-12 07:26:16', '2021-04-12 07:26:16'),
(224, 2, 'Mrs. Isabelle Daniel Jr.', 'Est ut non dicta quas vero adipisci. Ipsum est quo possimus. Illum voluptas repudiandae ducimus deserunt. Consequatur sequi ut cum.', 0, '2021-04-12 07:26:16', '2021-04-12 07:26:16'),
(225, 80, 'Cecil O\'Conner', 'Delectus excepturi voluptatibus inventore et repellat. Doloribus illum et repellendus voluptas quaerat magni. Voluptatem voluptatibus cupiditate nihil quo nihil perferendis. Nihil nihil velit enim eius.', 4, '2021-04-12 07:26:16', '2021-04-12 07:26:16'),
(226, 86, 'Flossie Will', 'Sit consequatur iste est dolorem blanditiis vitae. Esse et ex voluptatem omnis. Incidunt quisquam nulla quis ipsa quo nam.', 1, '2021-04-12 07:26:16', '2021-04-12 07:26:16'),
(227, 89, 'Agnes Schumm', 'Recusandae quo distinctio quis aliquam velit ad officia. Voluptates et voluptatem ullam est est consequatur. Dicta rerum facere doloribus ad labore porro. Magni ratione magni ut mollitia. Nihil soluta non voluptas et omnis incidunt occaecati.', 1, '2021-04-12 07:26:16', '2021-04-12 07:26:16'),
(228, 100, 'Amara Gaylord', 'Recusandae adipisci nam ab possimus. Earum ut quos veniam unde dolor dignissimos. A tempore quos exercitationem et quisquam animi quia vel. Itaque consequuntur atque asperiores quasi sunt dolorem maxime.', 4, '2021-04-12 07:26:16', '2021-04-12 07:26:16'),
(229, 9, 'Dr. Dale Wisoky', 'Ipsam aut hic dolorum et numquam. Ad vero assumenda ut. Voluptatem incidunt aliquam quisquam omnis dolorum non est.', 2, '2021-04-12 07:26:16', '2021-04-12 07:26:16'),
(230, 97, 'Dr. Ari Ernser DDS', 'Ipsam harum asperiores voluptatem magni. Impedit voluptas eligendi voluptates quae aut est voluptas at. Adipisci voluptas esse sed facere a eveniet.', 0, '2021-04-12 07:26:16', '2021-04-12 07:26:16'),
(231, 69, 'Francisca Lueilwitz', 'Praesentium tenetur quo non dignissimos eius rerum. Numquam culpa ducimus ut expedita et ex. Voluptas dicta quasi rem voluptatem velit aut sint.', 2, '2021-04-12 07:26:16', '2021-04-12 07:26:16'),
(232, 73, 'Mr. Nicholas Turcotte', 'Quo voluptatem illum velit sed hic. Voluptas mollitia maxime placeat deleniti est architecto. Fuga ut unde cumque fuga numquam quisquam ab. Quo dolor sint voluptatem officia nulla totam itaque.', 5, '2021-04-12 07:26:16', '2021-04-12 07:26:16'),
(233, 78, 'Dr. Merlin Runolfsson', 'A qui sunt reprehenderit dignissimos nihil totam officiis. Ullam dolor autem voluptatem laborum rerum. Ipsam optio architecto sed hic soluta.', 4, '2021-04-12 07:26:17', '2021-04-12 07:26:17'),
(234, 37, 'Prof. Taya Brekke', 'Vel mollitia non ut sed voluptatem. Similique exercitationem molestiae quis quo ut enim voluptas minima. Facilis non nihil quo nulla ab. Dolorum sapiente doloribus neque quis et quae nostrum.', 3, '2021-04-12 07:26:17', '2021-04-12 07:26:17'),
(235, 23, 'Prof. Kian Kutch', 'Hic qui fugiat et dolorem. Repellat assumenda consectetur dolor possimus quae voluptates error. Quo magnam repellat atque veritatis iusto et a rem.', 0, '2021-04-12 07:26:17', '2021-04-12 07:26:17'),
(236, 96, 'Jayson Medhurst', 'Sapiente nesciunt id iusto aut totam. Voluptatem perspiciatis voluptatibus ut est repellendus quibusdam qui. Amet explicabo incidunt exercitationem porro aut.', 5, '2021-04-12 07:26:17', '2021-04-12 07:26:17'),
(237, 86, 'Oliver Pfannerstill', 'Architecto iusto quisquam magnam est sunt nulla maxime. Omnis iusto aperiam distinctio nesciunt nulla. Non nobis tempora tenetur magnam sit quia et saepe. Omnis distinctio natus ea autem maxime laborum.', 3, '2021-04-12 07:26:17', '2021-04-12 07:26:17'),
(238, 28, 'Wilber Beier', 'Saepe magnam vel consequatur tempora ab harum sint tempora. Delectus facilis accusamus cupiditate commodi ad dolorem. Est natus aut quis cum. Eveniet qui numquam facere rem amet numquam dicta.', 5, '2021-04-12 07:26:17', '2021-04-12 07:26:17'),
(239, 53, 'Gunner Flatley III', 'Est nobis eos aperiam quo minima. Assumenda ut quia debitis labore.', 5, '2021-04-12 07:26:17', '2021-04-12 07:26:17'),
(240, 18, 'Jany Franecki', 'Rerum illo neque hic vel. Aperiam hic voluptatem et repellat dolores. Quasi eos fugiat laboriosam quo. Est voluptas nihil ut ipsam.', 5, '2021-04-12 07:26:17', '2021-04-12 07:26:17'),
(241, 8, 'Eda Corwin', 'Minima quia aut harum sapiente voluptates. Sint sit ad voluptas et accusamus itaque quia. Veritatis ullam ut harum pariatur et ut qui.', 5, '2021-04-12 07:26:17', '2021-04-12 07:26:17'),
(242, 89, 'Megane Harris', 'Est hic accusantium dolorem praesentium non. Laboriosam porro ea dolorem sed voluptatem.', 3, '2021-04-12 07:26:17', '2021-04-12 07:26:17'),
(243, 11, 'Ms. Eda Howell DVM', 'Sequi ut tempore quo a ipsam minus. Molestiae et amet eveniet accusantium architecto soluta totam. Iusto libero odio ut sit rem.', 1, '2021-04-12 07:26:17', '2021-04-12 07:26:17'),
(244, 56, 'Evalyn Herman', 'Ab laborum ad sed ea sunt aliquid atque. Hic et consequatur dolor labore totam ullam. Voluptate sit eos doloribus temporibus quo enim minus.', 3, '2021-04-12 07:26:17', '2021-04-12 07:26:17'),
(245, 96, 'Micah Vandervort', 'Cumque qui eum aspernatur suscipit quaerat. Ea et cupiditate aliquam aut rerum est libero. Est velit veritatis voluptatem veniam. In quis alias nam assumenda eum cumque sint et.', 5, '2021-04-12 07:26:17', '2021-04-12 07:26:17'),
(246, 93, 'Christop Watsica', 'Accusamus aliquid qui modi temporibus. Accusantium officia et enim et ut nihil est. Non illum suscipit voluptas.', 1, '2021-04-12 07:26:17', '2021-04-12 07:26:17'),
(247, 67, 'Dr. Keagan Moore', 'Ipsam ex est impedit architecto magnam quae animi. Est officia ab quis labore. Iure accusantium laudantium vitae earum saepe nisi iure odio. Quos modi molestias qui. Ad est soluta dolorem sit quis aut et.', 0, '2021-04-12 07:26:17', '2021-04-12 07:26:17'),
(248, 12, 'Dagmar Koepp', 'A minima impedit nulla qui et. Quia optio et voluptatem quia. Itaque deserunt ipsam et nihil eum mollitia.', 1, '2021-04-12 07:26:17', '2021-04-12 07:26:17'),
(249, 94, 'Kiera Blick', 'Dicta vel ullam reprehenderit reprehenderit. Dolores voluptas iste autem non debitis. Amet distinctio aut aut non. Autem rerum ex voluptatum nisi.', 1, '2021-04-12 07:26:17', '2021-04-12 07:26:17'),
(250, 51, 'Lorenzo Jast', 'Est eos perferendis impedit aperiam nulla. Voluptas inventore quaerat doloremque nisi molestias. Dolores beatae dolorem occaecati accusantium ut qui.', 4, '2021-04-12 07:26:17', '2021-04-12 07:26:17'),
(251, 21, 'Golden Haley DVM', 'Natus fugiat quas inventore mollitia sed eum corporis officiis. In nihil omnis velit cum est et et. Architecto omnis nulla voluptatem sit dicta. Ducimus necessitatibus architecto aliquid consequatur ut eos at.', 5, '2021-04-12 07:26:17', '2021-04-12 07:26:17'),
(252, 75, 'Alisha Heaney Sr.', 'Est rerum et enim voluptates ratione deleniti voluptate praesentium. Explicabo iure ea aut ipsa. Molestiae et qui facere molestiae aliquid dolor architecto. Sapiente minima laudantium voluptates laborum.', 4, '2021-04-12 07:26:17', '2021-04-12 07:26:17'),
(253, 8, 'Gerda Hackett DVM', 'Animi recusandae dolorum eum ipsa non quia dignissimos. Nulla distinctio similique iusto ex. Voluptate error voluptate cupiditate odit nihil id.', 2, '2021-04-12 07:26:17', '2021-04-12 07:26:17'),
(254, 23, 'Lavina Corwin', 'Eos tenetur omnis et. Et ipsum voluptatum voluptas aut fugiat dolorem et. Voluptatem voluptas minima ipsa occaecati rerum.', 5, '2021-04-12 07:26:17', '2021-04-12 07:26:17'),
(255, 98, 'Jacklyn Ferry', 'Rem dicta praesentium officia nihil nihil excepturi. Est aut qui saepe odit enim quod. Voluptatem molestias vitae non quas quasi accusamus.', 5, '2021-04-12 07:26:17', '2021-04-12 07:26:17'),
(256, 74, 'Garett Shanahan', 'Quod et qui est non quod. Illo esse iure aliquid quisquam. Aut itaque dignissimos tempore voluptatem porro asperiores. Temporibus eveniet a aliquam quia.', 5, '2021-04-12 07:26:17', '2021-04-12 07:26:17'),
(257, 42, 'Lon Kub', 'Quo deserunt porro vel omnis qui. Corporis non ipsa temporibus cumque in iste ullam.', 4, '2021-04-12 07:26:17', '2021-04-12 07:26:17'),
(258, 40, 'Miss Marta Bosco', 'Fugit magnam molestias deserunt doloremque eligendi. Eius eveniet cupiditate ratione cum quo culpa optio. Ad reiciendis optio dolorem aliquid ex pariatur non voluptatem. Rerum culpa earum tempore at sunt eligendi ratione exercitationem.', 5, '2021-04-12 07:26:17', '2021-04-12 07:26:17'),
(259, 22, 'Golden Ritchie Jr.', 'Ipsa laudantium deserunt facilis sit unde esse velit aut. Quis expedita modi fugiat laboriosam debitis eos. Amet quia laudantium autem qui. Quod consequatur et voluptas sed nisi pariatur.', 1, '2021-04-12 07:26:17', '2021-04-12 07:26:17'),
(260, 63, 'Adelle Rath', 'Asperiores atque fuga temporibus consectetur ea accusantium. Quisquam nesciunt accusamus repellat. Aut autem ut doloribus similique laboriosam.', 2, '2021-04-12 07:26:17', '2021-04-12 07:26:17'),
(261, 72, 'Miss Rosalinda Larson', 'Amet nesciunt occaecati est velit exercitationem quod non. Quis aut qui ullam dolores vel. Distinctio vel illo qui quia quam nulla vitae. Maiores cum incidunt sint.', 3, '2021-04-12 07:26:17', '2021-04-12 07:26:17'),
(262, 81, 'Dr. Dayton Terry', 'Aut minus et totam aperiam a. Laborum modi eos dolor et aut id rem nesciunt. Incidunt corrupti amet cumque et adipisci ab eum. Et in culpa reiciendis tempore sit.', 5, '2021-04-12 07:26:17', '2021-04-12 07:26:17'),
(263, 92, 'Prof. Gretchen Hoeger', 'Debitis eum odit qui tempora sed quae ut. Laboriosam ex quia velit. Assumenda voluptatem et et ea est fugiat a exercitationem. Sint quia aut in voluptatem. Nobis nihil in maxime quasi distinctio autem quibusdam veniam.', 3, '2021-04-12 07:26:17', '2021-04-12 07:26:17'),
(264, 82, 'Miss Joanny Padberg DDS', 'Expedita est necessitatibus corporis impedit voluptatem. Et voluptatum omnis ea dolor sed ducimus. Ipsa sint omnis quis nihil quis expedita ut sunt.', 2, '2021-04-12 07:26:17', '2021-04-12 07:26:17'),
(265, 37, 'Mr. Tobin Zboncak II', 'Voluptatibus illo eum rerum. Veniam expedita eveniet ullam doloremque quos est.', 1, '2021-04-12 07:26:17', '2021-04-12 07:26:17'),
(266, 2, 'Devonte Reilly', 'Est et possimus est quod sapiente voluptatem ullam. Dolorem sunt eos exercitationem asperiores rerum. Tempore odit molestiae voluptatem ipsum dolores dolore. Eveniet doloremque expedita atque voluptatum. Non et molestias voluptatum et.', 3, '2021-04-12 07:26:17', '2021-04-12 07:26:17'),
(267, 44, 'Sabryna Pollich Sr.', 'Quam repellat est error illo. Facere doloribus ea mollitia. Est sunt numquam occaecati ab amet. Qui vel animi temporibus. Deleniti ut totam possimus doloremque.', 2, '2021-04-12 07:26:17', '2021-04-12 07:26:17'),
(268, 100, 'Miss Maci Littel MD', 'Molestiae inventore ad esse ea. Sed quibusdam dolore et eligendi aliquid. Quia veniam eum explicabo asperiores.', 5, '2021-04-12 07:26:17', '2021-04-12 07:26:17'),
(269, 71, 'Kiarra Conroy IV', 'Eos est optio et voluptatem. Culpa sed iusto distinctio sit pariatur. Est eum sit at aut et.', 2, '2021-04-12 07:26:18', '2021-04-12 07:26:18'),
(270, 32, 'Kailey Stamm I', 'Deleniti sit qui et natus sint nesciunt qui. Autem quisquam dolores ut inventore quia.', 0, '2021-04-12 07:26:18', '2021-04-12 07:26:18'),
(271, 59, 'Rhett Gaylord', 'Ullam repudiandae voluptatem saepe possimus voluptate vel at. Qui rem est numquam earum explicabo. Maiores illum excepturi animi et nihil porro. Consectetur necessitatibus ducimus hic ullam voluptatem sunt.', 3, '2021-04-12 07:26:18', '2021-04-12 07:26:18'),
(272, 82, 'Trey Ruecker', 'Culpa tempore aliquam placeat exercitationem aperiam. Non adipisci vel sed facilis.', 4, '2021-04-12 07:26:18', '2021-04-12 07:26:18'),
(273, 11, 'Henry King', 'Nihil quae sunt eius ducimus minima saepe. Ut doloribus nostrum neque rerum. In rerum velit ut quidem nihil facere provident. Dolorem nihil earum iure velit totam.', 0, '2021-04-12 07:26:18', '2021-04-12 07:26:18'),
(274, 95, 'Prof. Tito Rath I', 'Sit totam accusantium asperiores ea. Est qui ducimus hic quaerat deserunt. Quo provident eius et nesciunt et tempore suscipit. Magni suscipit commodi ratione vero ad facere omnis consequuntur.', 5, '2021-04-12 07:26:18', '2021-04-12 07:26:18'),
(275, 60, 'Cedrick Johnson', 'Laborum dolorem vitae qui ut iure. Eum voluptas ea ipsum quia. Libero hic veritatis mollitia deserunt. Odit sed reiciendis sit debitis. Quis pariatur sapiente non eaque dolor.', 2, '2021-04-12 07:26:18', '2021-04-12 07:26:18'),
(276, 69, 'Emely Wisoky PhD', 'Laboriosam tempora beatae aut. Dolor reprehenderit est eos et voluptatem. At quos minus aut autem provident sit distinctio.', 0, '2021-04-12 07:26:18', '2021-04-12 07:26:18'),
(277, 28, 'Maryam Pagac', 'Enim debitis praesentium laboriosam eos quaerat id eum. Perspiciatis aliquid sit eos in. Quas rerum assumenda debitis in et ut et. Corporis quos eius molestiae illo temporibus rem.', 2, '2021-04-12 07:26:18', '2021-04-12 07:26:18'),
(278, 69, 'Prof. Kaelyn Fadel', 'Eum cum cum ut dicta qui. Quis sunt omnis sint aliquam sed incidunt qui. Exercitationem porro vero a delectus. Unde aliquid ut et quia eveniet.', 4, '2021-04-12 07:26:19', '2021-04-12 07:26:19'),
(279, 10, 'Ashlynn Grant', 'Quod adipisci unde repudiandae consequatur assumenda. Facilis quo natus aut sint qui. Magni sed quos qui aut expedita labore harum.', 4, '2021-04-12 07:26:19', '2021-04-12 07:26:19'),
(280, 71, 'Reese Prosacco', 'Voluptate culpa qui nihil cumque. Necessitatibus sapiente minima omnis ut quisquam quibusdam itaque rem. Sint repellendus qui cum quisquam est et. Autem iure nobis ut a dicta consectetur consequatur perspiciatis.', 1, '2021-04-12 07:26:19', '2021-04-12 07:26:19'),
(281, 35, 'Daron Davis', 'Velit enim aut unde ad eos corrupti. Dolores quas omnis quasi non illum occaecati laborum. Qui consequatur odio voluptatem laborum. Velit ea laudantium quod in deserunt est.', 2, '2021-04-12 07:26:19', '2021-04-12 07:26:19'),
(282, 46, 'Jayda Bayer', 'Necessitatibus iste ex qui. Deleniti tenetur illo deserunt atque nulla. Pariatur sed est natus ut. Optio fugiat qui eos in totam qui aut.', 4, '2021-04-12 07:26:19', '2021-04-12 07:26:19'),
(283, 45, 'Mrs. Raina McClure', 'Iusto quis veritatis ut recusandae dolorem iste. Quia repudiandae odit et voluptatem ipsa veritatis asperiores. Aut nesciunt minus quis et.', 1, '2021-04-12 07:26:19', '2021-04-12 07:26:19'),
(284, 69, 'Percival Johns', 'Quis aliquam aspernatur est excepturi at laboriosam et. Omnis sit tempore et et. Ut sed et possimus perspiciatis.', 2, '2021-04-12 07:26:19', '2021-04-12 07:26:19'),
(285, 10, 'Miss Sabrina Lemke', 'Nisi non et quia. Et perspiciatis reiciendis est ipsa. Alias dolores rerum dicta neque architecto deleniti.', 0, '2021-04-12 07:26:19', '2021-04-12 07:26:19'),
(286, 17, 'Sonya Rau DDS', 'Quasi eligendi nam eligendi enim quia. Et ut incidunt maxime et dolorum facere. Sunt ipsam animi sapiente sapiente illo illo ut. Quia iusto fugit voluptatem veniam earum accusantium et sed.', 4, '2021-04-12 07:26:19', '2021-04-12 07:26:19'),
(287, 3, 'Araceli Watsica', 'Facilis vero cumque ad facilis et et. Expedita et perferendis dolores aperiam sint ut molestias.', 0, '2021-04-12 07:26:19', '2021-04-12 07:26:19'),
(288, 53, 'Macie Effertz', 'Corporis accusamus autem sunt iste nihil dolor quas consequatur. Vel et rerum in fugiat. Reiciendis quo officia sunt temporibus amet sunt aut ullam.', 4, '2021-04-12 07:26:19', '2021-04-12 07:26:19'),
(289, 65, 'Alexandria Harber', 'Provident qui voluptatibus aut est sint explicabo. Dolore non necessitatibus nulla aspernatur numquam earum nemo voluptas. Possimus voluptatem cum commodi voluptas voluptatum.', 0, '2021-04-12 07:26:19', '2021-04-12 07:26:19'),
(290, 6, 'Lloyd Kreiger', 'In quidem voluptatem dolorem consequatur. Quis labore explicabo unde quasi id magni labore. Animi eum dolorem minus molestias autem. Nihil neque doloribus nostrum provident assumenda.', 4, '2021-04-12 07:26:19', '2021-04-12 07:26:19'),
(291, 53, 'Mariana Bartoletti', 'Aspernatur aut deleniti reiciendis. Ea ut ipsa molestiae nobis et repellendus fuga autem. Eligendi asperiores explicabo esse qui nam atque. Corporis sequi quos qui eveniet ipsum expedita et esse.', 4, '2021-04-12 07:26:19', '2021-04-12 07:26:19'),
(292, 1, 'Nya Streich', 'Molestias vitae suscipit et dolorem maiores. Nulla recusandae quod facere exercitationem rerum nulla illum. Ut eum quaerat velit.', 5, '2021-04-12 07:26:19', '2021-04-12 07:26:19'),
(293, 19, 'Theo Schiller', 'Necessitatibus earum illo molestiae et praesentium saepe non. Voluptatem quia quidem minima quia rerum ab. Odit nam ullam illum reprehenderit libero et sunt. Minus voluptatem ipsum sed iusto sint ut est.', 5, '2021-04-12 07:26:19', '2021-04-12 07:26:19'),
(294, 87, 'Sterling Hartmann DDS', 'Qui laudantium et perspiciatis fuga ipsum deleniti. Eaque odit aut praesentium molestias. Aliquid voluptatem voluptate qui veritatis maiores non.', 5, '2021-04-12 07:26:19', '2021-04-12 07:26:19'),
(295, 83, 'Annette Pfeffer', 'Similique delectus amet et est omnis commodi sint accusantium. Esse illo et aut doloribus voluptates molestias rerum ex. Debitis hic ut hic natus.', 2, '2021-04-12 07:26:19', '2021-04-12 07:26:19'),
(296, 69, 'Miss Gregoria Schmitt', 'Sit officia debitis ut. Eveniet sed id numquam vitae recusandae facere dolores quasi. Sint in quidem molestiae magnam voluptatem quae. Ut reprehenderit quaerat esse non magnam velit eum.', 1, '2021-04-12 07:26:19', '2021-04-12 07:26:19'),
(297, 91, 'Griffin Smitham V', 'Tenetur et sit rerum quisquam. Dolorem ducimus quis hic possimus ab. Itaque veniam in sit cum quod.', 5, '2021-04-12 07:26:19', '2021-04-12 07:26:19'),
(298, 84, 'Bettye O\'Reilly', 'Aut eos voluptates similique corrupti dolor. Vel eos cum sapiente non nihil. Voluptatem non eaque nulla reiciendis velit voluptas.', 2, '2021-04-12 07:26:19', '2021-04-12 07:26:19'),
(299, 35, 'Mr. Isai Reichert', 'Qui dignissimos sed ut doloribus aut. Aut recusandae voluptatum omnis cupiditate est dolores.', 2, '2021-04-12 07:26:19', '2021-04-12 07:26:19'),
(300, 3, 'Dashawn Farrell', 'Et veritatis dolor earum esse est. Quia similique maxime qui vel qui impedit numquam aut. Sit et fugiat quia.', 0, '2021-04-12 07:26:19', '2021-04-12 07:26:19');

-- --------------------------------------------------------

--
-- Table structure for table `users`
--

CREATE TABLE `users` (
  `id` bigint(20) UNSIGNED NOT NULL,
  `name` varchar(255) COLLATE utf8mb4_unicode_ci NOT NULL,
  `email` varchar(255) COLLATE utf8mb4_unicode_ci NOT NULL,
  `email_verified_at` timestamp NULL DEFAULT NULL,
  `password` varchar(255) COLLATE utf8mb4_unicode_ci NOT NULL,
  `remember_token` varchar(100) COLLATE utf8mb4_unicode_ci DEFAULT NULL,
  `created_at` timestamp NULL DEFAULT NULL,
  `updated_at` timestamp NULL DEFAULT NULL
) ENGINE=InnoDB DEFAULT CHARSET=utf8mb4 COLLATE=utf8mb4_unicode_ci;

--
-- Indexes for dumped tables
--

--
-- Indexes for table `failed_jobs`
--
ALTER TABLE `failed_jobs`
  ADD PRIMARY KEY (`id`),
  ADD UNIQUE KEY `failed_jobs_uuid_unique` (`uuid`);

--
-- Indexes for table `migrations`
--
ALTER TABLE `migrations`
  ADD PRIMARY KEY (`id`);

--
-- Indexes for table `password_resets`
--
ALTER TABLE `password_resets`
  ADD KEY `password_resets_email_index` (`email`);

--
-- Indexes for table `products`
--
ALTER TABLE `products`
  ADD PRIMARY KEY (`id`);

--
-- Indexes for table `reviews`
--
ALTER TABLE `reviews`
  ADD PRIMARY KEY (`id`),
  ADD KEY `reviews_product_id_foreign` (`product_id`);

--
-- Indexes for table `users`
--
ALTER TABLE `users`
  ADD PRIMARY KEY (`id`),
  ADD UNIQUE KEY `users_email_unique` (`email`);

--
-- AUTO_INCREMENT for dumped tables
--

--
-- AUTO_INCREMENT for table `failed_jobs`
--
ALTER TABLE `failed_jobs`
  MODIFY `id` bigint(20) UNSIGNED NOT NULL AUTO_INCREMENT;

--
-- AUTO_INCREMENT for table `migrations`
--
ALTER TABLE `migrations`
  MODIFY `id` int(10) UNSIGNED NOT NULL AUTO_INCREMENT, AUTO_INCREMENT=6;

--
-- AUTO_INCREMENT for table `products`
--
ALTER TABLE `products`
  MODIFY `id` bigint(20) UNSIGNED NOT NULL AUTO_INCREMENT, AUTO_INCREMENT=101;

--
-- AUTO_INCREMENT for table `reviews`
--
ALTER TABLE `reviews`
  MODIFY `id` bigint(20) UNSIGNED NOT NULL AUTO_INCREMENT, AUTO_INCREMENT=301;

--
-- AUTO_INCREMENT for table `users`
--
ALTER TABLE `users`
  MODIFY `id` bigint(20) UNSIGNED NOT NULL AUTO_INCREMENT;

--
-- Constraints for dumped tables
--

--
-- Constraints for table `reviews`
--
ALTER TABLE `reviews`
  ADD CONSTRAINT `reviews_product_id_foreign` FOREIGN KEY (`product_id`) REFERENCES `products` (`id`) ON DELETE CASCADE;
COMMIT;

/*!40101 SET CHARACTER_SET_CLIENT=@OLD_CHARACTER_SET_CLIENT */;
/*!40101 SET CHARACTER_SET_RESULTS=@OLD_CHARACTER_SET_RESULTS */;
/*!40101 SET COLLATION_CONNECTION=@OLD_COLLATION_CONNECTION */;
